,Unnamed: 0,method,single_q,double_q,dashes,braces,spaces,badwords,class,Cluster
0,0,GET,0,0,0,0,0,0,good,Cluster 1
1,1,GET,0,0,0,0,0,0,good,Cluster 1
2,2,GET,0,0,0,0,0,0,good,Cluster 1
3,3,GET,0,0,0,0,0,0,good,Cluster 1
4,4,GET,0,0,0,0,0,0,good,Cluster 1
5,5,GET,0,0,0,0,0,0,good,Cluster 1
6,6,POST,0,0,0,0,0,0,good,Cluster 1
7,7,GET,0,0,0,0,0,0,good,Cluster 1
8,8,GET,0,0,0,0,0,0,good,Cluster 1
9,9,GET,0,0,0,0,0,0,good,Cluster 1
10,10,GET,0,0,0,0,0,0,good,Cluster 1
11,11,GET,0,0,0,0,0,0,good,Cluster 1
12,12,GET,0,0,0,0,0,0,good,Cluster 1
13,13,GET,0,0,0,0,0,0,good,Cluster 1
14,14,GET,0,0,0,0,0,0,good,Cluster 1
15,15,GET,0,0,0,0,0,0,good,Cluster 1
16,16,GET,0,0,0,0,0,0,good,Cluster 1
17,17,GET,0,0,0,0,0,0,good,Cluster 1
18,18,GET,0,0,0,0,0,0,good,Cluster 1
19,19,GET,0,0,0,0,0,0,good,Cluster 1
20,20,GET,0,0,0,0,0,0,good,Cluster 1
21,21,GET,0,0,0,0,0,0,good,Cluster 1
22,22,GET,0,0,0,0,0,0,good,Cluster 1
23,23,GET,0,0,0,0,0,0,good,Cluster 1
24,24,GET,0,0,0,0,0,0,good,Cluster 1
25,25,GET,0,0,0,0,0,0,good,Cluster 1
26,26,GET,0,0,0,0,0,0,good,Cluster 1
27,27,GET,0,0,0,0,0,0,good,Cluster 1
28,28,GET,0,0,0,0,0,0,good,Cluster 1
29,29,GET,0,0,0,0,0,0,good,Cluster 1
30,30,GET,0,0,0,0,0,0,good,Cluster 1
31,31,GET,0,0,0,0,0,0,good,Cluster 1
32,32,GET,0,0,0,0,0,0,good,Cluster 1
33,33,GET,0,0,0,0,0,0,good,Cluster 1
34,34,GET,0,0,0,0,0,0,good,Cluster 1
35,35,GET,0,0,0,0,0,0,good,Cluster 1
36,36,GET,0,0,0,0,0,0,good,Cluster 1
37,37,GET,0,0,0,0,0,0,good,Cluster 1
38,38,GET,0,0,0,0,0,0,good,Cluster 1
39,39,GET,0,0,0,0,0,0,good,Cluster 1
40,40,GET,0,0,0,0,0,0,good,Cluster 1
41,41,GET,0,0,0,0,0,0,good,Cluster 1
42,42,GET,0,0,0,0,0,0,good,Cluster 1
43,43,GET,0,0,0,0,0,0,good,Cluster 1
44,44,GET,0,0,0,0,0,0,good,Cluster 1
45,45,GET,0,0,0,0,0,0,good,Cluster 1
46,46,GET,0,0,0,0,0,0,good,Cluster 1
47,47,GET,0,0,0,0,0,0,good,Cluster 1
48,48,GET,0,0,0,0,0,0,good,Cluster 1
49,49,GET,0,0,0,0,0,0,good,Cluster 1
50,50,GET,0,0,0,0,0,0,good,Cluster 1
51,51,GET,0,0,0,0,0,0,good,Cluster 1
52,52,GET,0,0,0,0,0,0,good,Cluster 1
53,53,GET,0,0,0,0,0,0,good,Cluster 1
54,54,GET,0,0,0,0,0,0,good,Cluster 1
55,55,GET,0,0,0,0,0,0,good,Cluster 1
56,56,GET,0,0,0,0,0,0,good,Cluster 1
57,57,GET,0,0,0,0,0,0,good,Cluster 1
58,58,GET,0,0,0,0,0,0,good,Cluster 1
59,59,GET,0,0,0,0,0,0,good,Cluster 1
60,60,GET,0,0,0,0,0,0,good,Cluster 1
61,61,GET,0,0,0,0,0,0,good,Cluster 1
62,62,GET,0,0,0,0,0,0,good,Cluster 1
63,63,GET,0,0,0,0,0,0,good,Cluster 1
64,64,GET,0,0,0,0,0,0,good,Cluster 1
65,65,GET,0,0,0,0,0,0,good,Cluster 1
66,66,GET,0,0,0,0,0,0,good,Cluster 1
67,67,GET,0,0,0,0,0,0,good,Cluster 1
68,68,GET,0,0,0,0,0,0,good,Cluster 1
69,69,GET,0,0,0,0,0,0,good,Cluster 1
70,70,GET,0,0,0,0,0,0,good,Cluster 1
71,71,GET,0,0,0,0,0,0,good,Cluster 1
72,72,GET,0,0,0,0,0,0,good,Cluster 1
73,73,GET,0,0,0,0,0,0,good,Cluster 1
74,74,GET,0,0,0,0,0,0,good,Cluster 1
75,75,GET,0,0,0,0,0,0,good,Cluster 1
76,76,GET,0,0,0,0,0,0,good,Cluster 1
77,77,GET,0,0,0,0,0,0,good,Cluster 1
78,78,GET,0,0,0,0,0,0,good,Cluster 1
79,79,GET,0,0,0,0,0,0,good,Cluster 1
80,80,GET,0,0,0,0,0,0,good,Cluster 1
81,81,GET,0,0,0,0,0,0,good,Cluster 1
82,82,GET,0,0,0,0,0,0,good,Cluster 1
83,83,GET,0,0,0,0,0,0,good,Cluster 1
84,84,GET,0,0,0,0,0,0,good,Cluster 1
85,85,GET,0,0,0,0,0,0,good,Cluster 1
86,86,GET,0,0,0,0,0,0,good,Cluster 1
87,87,GET,0,0,0,0,0,0,good,Cluster 1
88,88,GET,0,0,0,0,0,0,good,Cluster 1
89,89,GET,0,0,0,0,0,0,good,Cluster 1
90,90,GET,0,0,0,0,0,0,good,Cluster 1
91,91,GET,0,0,0,0,0,0,good,Cluster 1
92,92,GET,0,0,0,0,0,0,good,Cluster 1
93,93,GET,0,0,0,0,0,0,good,Cluster 1
94,94,GET,0,0,0,0,0,0,good,Cluster 1
95,95,GET,0,0,0,0,0,0,good,Cluster 1
96,96,GET,0,0,0,0,0,0,good,Cluster 1
97,97,GET,0,0,0,0,0,0,good,Cluster 1
98,98,GET,0,0,0,0,0,0,good,Cluster 1
99,99,GET,0,0,0,0,0,0,good,Cluster 1
100,100,GET,0,0,0,0,0,0,good,Cluster 1
101,101,GET,0,0,0,0,0,0,good,Cluster 1
102,102,GET,0,0,0,0,0,0,good,Cluster 1
103,103,GET,0,0,0,0,0,0,good,Cluster 1
104,104,GET,0,0,0,0,0,0,good,Cluster 1
105,105,GET,0,0,0,0,0,0,good,Cluster 1
106,106,POST,0,0,0,0,0,0,good,Cluster 1
107,107,GET,0,0,0,0,0,0,good,Cluster 1
108,108,POST,0,0,0,0,2,0,good,Cluster 1
109,109,GET,0,0,0,0,0,0,good,Cluster 1
110,110,GET,0,0,0,0,0,0,good,Cluster 1
111,111,GET,0,0,0,0,0,0,good,Cluster 1
112,112,GET,0,0,0,0,0,0,good,Cluster 1
113,113,GET,0,0,0,0,0,0,good,Cluster 1
114,114,GET,0,0,0,0,0,0,good,Cluster 1
115,115,GET,0,0,0,0,0,0,good,Cluster 1
116,116,POST,0,0,0,0,2,0,good,Cluster 1
117,117,POST,0,0,0,0,3,0,good,Cluster 1
118,118,GET,0,0,0,0,0,0,good,Cluster 1
119,119,GET,0,0,0,0,0,0,good,Cluster 1
120,120,GET,0,0,0,0,0,0,good,Cluster 1
121,121,GET,0,0,0,0,0,0,good,Cluster 1
122,122,GET,0,0,0,0,0,0,good,Cluster 1
123,123,GET,0,0,0,0,0,0,good,Cluster 1
124,124,GET,0,0,0,0,0,0,good,Cluster 1
125,125,GET,0,0,0,0,0,0,good,Cluster 1
126,126,GET,0,0,0,0,0,0,good,Cluster 1
127,127,GET,0,0,0,0,0,0,good,Cluster 1
128,128,GET,0,0,0,0,0,0,good,Cluster 1
129,129,GET,0,0,0,0,0,0,good,Cluster 1
130,130,GET,0,0,0,0,0,0,good,Cluster 1
131,131,GET,0,0,0,0,0,0,good,Cluster 1
132,132,GET,0,0,0,0,0,0,good,Cluster 1
133,133,GET,0,0,0,0,0,0,good,Cluster 1
134,134,GET,0,0,0,0,0,0,good,Cluster 1
135,135,GET,0,0,0,0,0,0,good,Cluster 1
136,136,GET,0,0,0,0,0,0,good,Cluster 1
137,137,GET,0,0,0,0,0,0,good,Cluster 1
138,138,GET,0,0,0,0,0,0,good,Cluster 1
139,139,GET,0,0,0,0,0,0,good,Cluster 1
140,140,GET,0,0,0,0,0,0,good,Cluster 1
141,141,GET,0,0,0,0,0,0,good,Cluster 1
142,142,GET,0,0,0,0,0,0,good,Cluster 1
143,143,GET,0,0,0,0,0,0,good,Cluster 1
144,144,GET,0,0,0,0,0,0,good,Cluster 1
145,145,GET,0,0,0,0,0,0,good,Cluster 1
146,146,GET,0,0,0,0,0,0,good,Cluster 1
147,147,GET,0,0,0,0,0,0,good,Cluster 1
148,148,GET,0,0,0,0,0,0,good,Cluster 1
149,149,GET,0,0,0,0,0,0,good,Cluster 1
150,150,GET,0,0,0,0,0,0,good,Cluster 1
151,151,GET,0,0,0,0,0,0,good,Cluster 1
152,152,GET,0,0,0,0,0,0,good,Cluster 1
153,153,GET,0,0,0,0,0,0,good,Cluster 1
154,154,GET,0,0,0,0,0,0,good,Cluster 1
155,155,GET,0,0,0,0,0,0,good,Cluster 1
156,156,GET,0,0,0,0,0,0,good,Cluster 1
157,157,GET,0,0,0,0,0,0,good,Cluster 1
158,158,GET,0,0,0,0,0,0,good,Cluster 1
159,159,GET,0,0,0,0,0,0,good,Cluster 1
160,160,GET,0,0,0,0,0,0,good,Cluster 1
161,161,GET,0,0,0,0,0,0,good,Cluster 1
162,162,GET,0,0,0,0,0,0,good,Cluster 1
163,163,GET,0,0,0,0,0,0,good,Cluster 1
164,164,GET,0,0,0,0,0,0,good,Cluster 1
165,165,GET,0,0,0,0,0,0,good,Cluster 1
166,166,GET,0,0,0,0,0,0,good,Cluster 1
167,167,GET,0,0,0,0,0,0,good,Cluster 1
168,168,GET,0,0,0,0,0,0,good,Cluster 1
169,169,POST,0,0,0,0,0,0,good,Cluster 1
170,170,POST,0,0,0,0,0,0,good,Cluster 1
171,171,GET,0,0,0,0,0,0,good,Cluster 1
172,172,GET,0,0,0,0,0,0,good,Cluster 1
173,173,GET,0,0,0,0,0,0,good,Cluster 1
174,174,GET,0,0,0,0,0,0,good,Cluster 1
175,175,GET,0,0,0,0,0,0,good,Cluster 1
176,176,GET,0,0,0,0,0,0,good,Cluster 1
177,177,GET,0,0,0,0,0,0,good,Cluster 1
178,178,GET,0,0,0,0,0,0,good,Cluster 1
179,179,GET,0,0,0,0,0,0,good,Cluster 1
180,180,POST,0,4,0,0,2,0,good,Cluster 1
181,181,GET,0,0,0,0,0,0,good,Cluster 1
182,182,GET,0,0,0,0,0,0,good,Cluster 1
183,183,GET,0,0,0,0,0,0,good,Cluster 1
184,184,GET,0,0,0,0,0,0,good,Cluster 1
185,185,GET,0,0,0,0,0,0,good,Cluster 1
186,186,GET,0,0,0,0,0,0,good,Cluster 1
187,187,GET,0,0,0,0,0,0,good,Cluster 1
188,0,GET,0,0,0,0,0,0,bad,Cluster 1
189,1,GET,0,0,0,0,0,0,bad,Cluster 1
190,2,GET,0,0,0,0,0,0,bad,Cluster 1
191,3,GET,0,0,0,0,0,0,bad,Cluster 1
192,4,GET,0,0,0,0,0,0,bad,Cluster 1
193,5,GET,0,0,0,0,0,0,bad,Cluster 1
194,6,GET,0,0,0,0,0,0,bad,Cluster 1
195,7,GET,0,0,0,0,0,0,bad,Cluster 1
196,8,GET,0,0,0,0,0,0,bad,Cluster 1
197,9,GET,0,0,0,0,0,0,bad,Cluster 1
198,10,GET,0,0,0,0,0,0,bad,Cluster 1
199,11,GET,0,0,0,0,0,0,bad,Cluster 1
200,12,GET,0,0,0,0,0,0,bad,Cluster 1
201,13,GET,0,0,0,0,0,0,bad,Cluster 1
202,14,GET,0,0,0,0,0,0,bad,Cluster 1
203,15,GET,0,0,0,0,0,0,bad,Cluster 1
204,16,GET,0,0,0,0,0,0,bad,Cluster 1
205,17,GET,0,0,0,0,0,0,bad,Cluster 1
206,18,GET,0,0,0,0,0,0,bad,Cluster 1
207,19,GET,0,0,0,0,0,0,bad,Cluster 1
208,20,GET,0,0,0,0,0,0,bad,Cluster 1
209,21,GET,0,0,0,0,0,0,bad,Cluster 1
210,22,GET,0,0,0,0,0,0,bad,Cluster 1
211,23,GET,0,0,0,0,0,0,bad,Cluster 1
212,24,GET,0,0,0,0,0,0,bad,Cluster 1
213,25,GET,0,0,0,0,0,0,bad,Cluster 1
214,26,GET,0,0,0,0,0,0,bad,Cluster 1
215,27,GET,0,0,0,0,0,0,bad,Cluster 1
216,28,GET,0,0,0,0,0,0,bad,Cluster 1
217,29,GET,0,0,0,0,0,0,bad,Cluster 1
218,30,GET,0,0,0,0,0,0,bad,Cluster 1
219,31,GET,0,0,0,0,0,0,bad,Cluster 1
220,32,GET,0,0,0,0,0,0,bad,Cluster 1
221,33,GET,0,0,0,0,0,0,bad,Cluster 1
222,34,GET,0,0,0,0,0,0,bad,Cluster 1
223,35,GET,0,0,0,0,0,0,bad,Cluster 1
224,36,GET,0,0,0,0,0,0,bad,Cluster 1
225,37,GET,0,0,0,0,0,0,bad,Cluster 1
226,38,GET,0,0,0,0,3,0,bad,Cluster 1
227,39,GET,0,0,0,0,3,0,bad,Cluster 1
228,40,GET,0,0,0,0,1,0,bad,Cluster 1
229,41,GET,0,0,0,0,1,0,bad,Cluster 1
230,42,POST,0,0,0,0,0,1,bad,Cluster 1
231,43,GET,0,0,0,0,0,0,bad,Cluster 1
232,44,GET,0,0,0,0,0,0,bad,Cluster 1
233,45,POST,0,0,0,0,0,0,bad,Cluster 1
234,46,POST,0,0,0,0,2,0,bad,Cluster 1
235,47,GET,0,0,0,0,0,0,bad,Cluster 1
236,48,GET,0,0,0,0,0,0,bad,Cluster 1
237,49,GET,0,0,0,0,0,0,bad,Cluster 1
238,50,GET,0,0,0,0,0,0,bad,Cluster 1
239,51,GET,0,0,0,0,0,0,bad,Cluster 1
240,52,GET,0,0,0,0,0,0,bad,Cluster 1
241,53,GET,0,0,0,0,0,0,bad,Cluster 1
242,54,GET,0,0,0,0,0,0,bad,Cluster 1
243,55,GET,0,0,0,0,0,0,bad,Cluster 1
244,56,GET,0,0,0,0,0,0,bad,Cluster 1
245,57,GET,0,0,0,0,0,0,bad,Cluster 1
246,58,GET,0,0,0,0,0,0,bad,Cluster 1
247,59,GET,0,0,0,0,0,0,bad,Cluster 1
248,60,GET,0,0,0,0,0,0,bad,Cluster 1
249,61,GET,0,0,0,0,0,0,bad,Cluster 1
250,62,POST,0,0,0,0,0,0,bad,Cluster 1
251,63,POST,0,0,0,0,2,0,bad,Cluster 1
252,64,POST,0,0,0,0,2,0,bad,Cluster 1
253,65,POST,0,0,0,0,0,0,bad,Cluster 1
254,66,POST,0,0,0,0,0,1,bad,Cluster 1
255,67,POST,0,0,0,0,0,1,bad,Cluster 1
256,68,GET,0,0,0,0,0,0,bad,Cluster 1
257,69,GET,0,0,0,0,0,0,bad,Cluster 1
258,70,GET,0,0,0,0,0,0,bad,Cluster 1
259,71,GET,0,0,0,0,0,0,bad,Cluster 1
260,72,POST,1,1,0,0,0,0,bad,Cluster 1
261,73,GET,1,1,0,0,0,0,bad,Cluster 1
262,74,POST,1,1,0,0,0,1,bad,Cluster 1
263,75,POST,1,1,0,0,2,0,bad,Cluster 1
264,76,GET,1,1,0,0,0,0,bad,Cluster 1
265,77,POST,0,0,0,0,0,0,bad,Cluster 1
266,78,GET,0,0,0,0,2,0,bad,Cluster 1
267,79,POST,0,0,0,0,2,0,bad,Cluster 1
268,80,GET,0,0,0,0,0,0,bad,Cluster 1
269,81,POST,0,0,0,0,4,0,bad,Cluster 1
270,82,POST,0,0,0,0,2,0,bad,Cluster 1
271,83,POST,0,0,0,0,2,1,bad,Cluster 1
272,84,POST,0,0,0,0,0,1,bad,Cluster 1
273,85,GET,0,0,0,0,0,0,bad,Cluster 1
274,86,POST,0,0,0,0,2,0,bad,Cluster 1
275,87,POST,0,0,0,0,4,0,bad,Cluster 1
276,88,POST,0,0,0,0,0,0,bad,Cluster 1
277,89,POST,0,0,0,0,2,0,bad,Cluster 1
278,90,GET,0,0,0,0,2,0,bad,Cluster 1
279,91,GET,0,0,0,0,0,0,bad,Cluster 1
280,92,POST,0,0,0,0,0,1,bad,Cluster 1
281,93,GET,0,0,0,0,0,0,bad,Cluster 1
282,94,POST,0,0,0,0,2,1,bad,Cluster 1
283,95,GET,0,0,0,0,2,0,bad,Cluster 1
284,96,POST,0,0,0,0,2,0,bad,Cluster 1
285,97,POST,4,0,0,0,2,0,bad,Cluster 1
286,98,GET,0,0,0,0,0,0,bad,Cluster 1
287,99,POST,4,0,0,0,4,0,bad,Cluster 1
288,100,GET,4,0,0,0,2,0,bad,Cluster 1
289,101,POST,0,0,0,0,0,0,bad,Cluster 1
290,102,POST,0,0,0,0,0,1,bad,Cluster 1
291,103,GET,0,0,0,0,2,0,bad,Cluster 1
292,104,GET,0,0,0,0,0,0,bad,Cluster 1
293,105,POST,4,0,0,0,2,1,bad,Cluster 1
294,106,POST,0,0,0,0,2,0,bad,Cluster 1
295,107,POST,0,0,0,0,0,0,bad,Cluster 1
296,108,POST,4,0,0,0,2,0,bad,Cluster 1
297,109,GET,4,0,0,0,2,0,bad,Cluster 1
298,110,GET,0,0,0,0,0,0,bad,Cluster 1
299,111,POST,4,0,0,0,4,0,bad,Cluster 1
300,112,GET,0,0,0,0,4,0,bad,Cluster 1
301,113,GET,0,0,0,0,0,0,bad,Cluster 1
302,114,POST,0,0,0,0,0,1,bad,Cluster 1
303,115,POST,4,0,0,0,2,1,bad,Cluster 1
304,116,GET,0,4,0,0,2,0,bad,Cluster 1
305,117,POST,0,4,0,0,2,0,bad,Cluster 1
306,118,POST,1,1,0,0,0,0,bad,Cluster 1
307,119,POST,1,1,0,0,2,0,bad,Cluster 1
308,120,GET,1,1,0,0,0,0,bad,Cluster 1
309,121,POST,0,4,0,0,4,0,bad,Cluster 1
310,122,GET,1,1,0,0,0,0,bad,Cluster 1
311,123,GET,4,0,0,0,2,0,bad,Cluster 1
312,124,POST,1,1,0,0,0,1,bad,Cluster 1
313,125,POST,0,4,0,0,2,1,bad,Cluster 1
314,126,POST,2,2,0,0,2,0,bad,Cluster 1
315,127,POST,0,4,0,0,2,0,bad,Cluster 1
316,128,POST,2,2,0,0,0,0,bad,Cluster 1
317,129,GET,2,2,0,0,0,0,bad,Cluster 1
318,130,GET,0,4,0,0,2,0,bad,Cluster 1
319,131,POST,0,4,0,0,4,0,bad,Cluster 1
320,132,GET,4,0,0,0,2,0,bad,Cluster 1
321,133,POST,2,2,0,0,0,1,bad,Cluster 1
322,134,GET,2,2,0,0,0,0,bad,Cluster 1
323,135,POST,0,4,0,0,2,1,bad,Cluster 1
324,136,GET,2,0,0,1,2,1,bad,Cluster 1
325,137,POST,2,0,0,1,2,1,bad,Cluster 0
326,138,GET,0,0,0,0,0,0,bad,Cluster 1
327,139,POST,0,0,0,0,0,0,bad,Cluster 1
328,140,POST,2,0,0,1,4,1,bad,Cluster 0
329,141,GET,2,0,0,0,4,0,bad,Cluster 1
330,142,GET,0,0,0,0,0,0,bad,Cluster 1
331,143,POST,2,0,0,1,2,2,bad,Cluster 0
332,144,POST,1,1,0,0,2,0,bad,Cluster 1
333,145,GET,1,0,1,2,6,1,bad,Cluster 0
334,146,POST,1,1,0,0,0,0,bad,Cluster 1
335,147,POST,1,0,1,2,6,1,bad,Cluster 0
336,148,POST,1,0,1,2,8,1,bad,Cluster 0
337,149,GET,0,4,0,0,2,0,bad,Cluster 1
338,150,GET,1,1,0,0,0,0,bad,Cluster 1
339,151,POST,1,1,0,0,0,1,bad,Cluster 1
340,152,POST,1,0,1,2,6,2,bad,Cluster 0
341,153,POST,0,0,0,0,2,0,bad,Cluster 1
342,154,POST,0,0,0,0,0,0,bad,Cluster 1
343,155,GET,0,0,0,0,2,0,bad,Cluster 1
344,156,POST,0,2,0,1,2,1,bad,Cluster 1
345,157,GET,0,2,0,1,2,1,bad,Cluster 1
346,158,POST,0,2,0,1,4,1,bad,Cluster 0
347,159,POST,0,0,0,0,0,1,bad,Cluster 1
348,160,GET,0,4,0,0,2,0,bad,Cluster 1
349,161,POST,0,2,0,1,2,2,bad,Cluster 0
350,162,POST,0,0,0,0,2,0,bad,Cluster 1
351,163,POST,0,0,0,0,0,0,bad,Cluster 1
352,164,GET,1,0,1,2,6,1,bad,Cluster 0
353,165,POST,1,0,1,2,6,1,bad,Cluster 0
354,166,GET,0,0,0,0,2,0,bad,Cluster 1
355,167,GET,0,2,0,0,4,0,bad,Cluster 1
356,168,POST,0,0,0,0,0,1,bad,Cluster 1
357,169,POST,1,0,1,2,6,2,bad,Cluster 0
358,170,POST,0,0,0,0,2,0,bad,Cluster 1
359,171,GET,0,0,0,0,0,0,bad,Cluster 1
360,172,POST,0,0,0,0,0,0,bad,Cluster 1
361,173,POST,0,1,1,2,6,1,bad,Cluster 0
362,174,GET,0,1,1,2,6,1,bad,Cluster 0
363,175,POST,1,0,1,2,8,1,bad,Cluster 0
364,176,GET,4,0,0,0,2,0,bad,Cluster 1
365,177,GET,0,0,0,1,3,1,bad,Cluster 1
366,178,POST,0,0,0,0,0,1,bad,Cluster 1
367,179,POST,0,1,1,2,6,2,bad,Cluster 0
368,180,POST,0,0,0,0,2,0,bad,Cluster 1
369,181,GET,0,0,0,0,0,0,bad,Cluster 1
370,182,POST,0,0,0,0,0,0,bad,Cluster 1
371,183,GET,2,0,0,1,0,1,bad,Cluster 1
372,184,POST,0,1,1,2,8,1,bad,Cluster 0
373,185,POST,2,0,0,1,0,1,bad,Cluster 1
374,186,GET,4,0,0,0,2,0,bad,Cluster 1
375,187,POST,0,0,0,0,0,1,bad,Cluster 1
376,188,GET,0,0,1,2,6,1,bad,Cluster 0
377,189,POST,2,0,0,1,0,2,bad,Cluster 0
378,190,POST,1,1,0,0,0,0,bad,Cluster 1
379,191,POST,1,1,0,0,2,0,bad,Cluster 1
380,192,GET,0,0,0,0,0,0,bad,Cluster 1
381,193,POST,0,2,0,1,0,1,bad,Cluster 1
382,194,GET,0,2,0,1,0,1,bad,Cluster 1
383,195,POST,2,0,0,1,2,1,bad,Cluster 0
384,196,GET,0,4,0,0,2,0,bad,Cluster 1
385,197,POST,1,1,0,0,0,1,bad,Cluster 1
386,198,GET,2,0,0,1,2,1,bad,Cluster 1
387,199,POST,0,2,0,1,0,2,bad,Cluster 0
388,200,POST,2,2,0,0,2,0,bad,Cluster 1
389,201,GET,0,0,0,0,0,0,bad,Cluster 1
390,202,POST,2,2,0,0,0,0,bad,Cluster 1
391,203,POST,0,0,0,1,3,1,bad,Cluster 0
392,204,GET,0,0,0,1,3,1,bad,Cluster 1
393,205,POST,0,2,0,1,2,1,bad,Cluster 1
394,206,POST,2,2,0,0,0,1,bad,Cluster 1
395,207,GET,0,4,0,0,2,0,bad,Cluster 1
396,208,GET,1,0,1,2,6,1,bad,Cluster 0
397,209,POST,0,0,0,1,3,2,bad,Cluster 0
398,210,POST,0,0,0,0,0,0,bad,Cluster 1
399,211,GET,1,1,0,0,0,0,bad,Cluster 1
400,212,GET,0,0,0,0,0,0,bad,Cluster 1
401,213,POST,0,0,1,2,6,1,bad,Cluster 0
402,214,GET,0,0,1,2,6,1,bad,Cluster 0
403,215,POST,0,0,0,1,5,1,bad,Cluster 0
404,216,GET,2,0,0,1,2,1,bad,Cluster 1
405,217,POST,0,0,1,2,6,2,bad,Cluster 0
406,218,GET,0,2,0,1,2,1,bad,Cluster 1
407,219,POST,1,1,0,0,0,0,bad,Cluster 1
408,220,GET,2,2,0,0,0,0,bad,Cluster 1
409,221,POST,1,0,1,1,3,2,bad,Cluster 0
410,222,POST,0,0,1,2,8,1,bad,Cluster 0
411,223,GET,1,0,1,1,3,2,bad,Cluster 0
412,224,POST,1,1,0,0,0,1,bad,Cluster 1
413,225,GET,1,0,1,2,6,1,bad,Cluster 0
414,226,POST,1,0,1,1,3,3,bad,Cluster 0
415,227,POST,0,0,0,0,0,0,bad,Cluster 1
416,228,GET,1,0,1,2,6,1,bad,Cluster 0
417,229,GET,0,0,0,0,0,0,bad,Cluster 1
418,230,GET,0,0,0,0,2,0,bad,Cluster 1
419,231,POST,3,0,1,0,5,2,bad,Cluster 0
420,232,POST,1,0,1,1,5,2,bad,Cluster 0
421,233,GET,3,0,1,0,5,2,bad,Cluster 0
422,234,POST,0,0,0,0,0,1,bad,Cluster 1
423,235,GET,0,2,0,1,2,1,bad,Cluster 1
424,236,POST,3,0,1,0,5,3,bad,Cluster 0
425,237,POST,0,0,0,0,0,0,bad,Cluster 1
426,238,GET,0,1,1,2,6,1,bad,Cluster 0
427,239,GET,1,1,0,0,0,0,bad,Cluster 1
428,240,GET,0,0,0,0,2,0,bad,Cluster 1
429,241,POST,2,1,1,0,5,2,bad,Cluster 0
430,242,POST,3,0,1,0,7,2,bad,Cluster 0
431,243,GET,2,1,1,0,5,2,bad,Cluster 0
432,244,POST,0,0,0,0,0,1,bad,Cluster 1
433,245,GET,1,0,1,2,6,1,bad,Cluster 0
434,246,POST,2,1,1,0,5,3,bad,Cluster 0
435,247,POST,0,0,0,0,0,0,bad,Cluster 1
436,248,GET,2,0,0,1,0,1,bad,Cluster 1
437,249,GET,0,0,0,0,0,0,bad,Cluster 1
438,250,GET,4,0,0,0,2,0,bad,Cluster 1
439,251,POST,0,0,0,0,0,0,bad,Cluster 1
440,252,POST,2,1,1,0,7,2,bad,Cluster 0
441,253,GET,0,0,0,0,0,0,bad,Cluster 1
442,254,POST,0,0,0,0,0,1,bad,Cluster 1
443,255,GET,0,1,1,2,6,1,bad,Cluster 0
444,256,GET,0,2,0,1,0,1,bad,Cluster 1
445,257,GET,0,0,0,0,0,0,bad,Cluster 1
446,258,GET,4,0,0,0,2,0,bad,Cluster 1
447,259,POST,0,0,0,0,0,0,bad,Cluster 1
448,260,POST,0,0,0,0,0,1,bad,Cluster 1
449,261,GET,2,0,0,1,0,1,bad,Cluster 1
450,262,GET,0,0,1,1,3,2,bad,Cluster 0
451,263,GET,0,4,0,0,2,0,bad,Cluster 1
452,264,GET,0,0,0,0,0,0,bad,Cluster 1
453,265,POST,0,0,0,0,2,0,bad,Cluster 1
454,266,POST,1,1,0,0,0,0,bad,Cluster 1
455,267,GET,0,0,0,0,2,0,bad,Cluster 1
456,268,POST,1,1,0,0,0,1,bad,Cluster 1
457,269,GET,0,2,0,1,0,1,bad,Cluster 1
458,270,POST,0,0,0,0,2,1,bad,Cluster 1
459,271,GET,0,4,0,0,2,0,bad,Cluster 1
460,272,GET,1,0,1,1,3,2,bad,Cluster 0
461,273,POST,0,0,0,0,2,0,bad,Cluster 1
462,274,POST,0,0,0,0,4,0,bad,Cluster 1
463,275,GET,0,0,0,0,0,0,bad,Cluster 1
464,276,POST,2,2,0,0,0,0,bad,Cluster 1
465,277,GET,0,0,0,0,2,0,bad,Cluster 1
466,278,GET,0,0,0,1,3,1,bad,Cluster 1
467,279,POST,0,0,0,0,2,1,bad,Cluster 1
468,280,POST,0,0,0,0,4,0,bad,Cluster 1
469,281,POST,4,0,0,0,2,0,bad,Cluster 1
470,282,GET,2,0,1,0,5,2,bad,Cluster 0
471,283,GET,2,0,0,1,2,1,bad,Cluster 0
472,284,GET,1,1,0,0,0,0,bad,Cluster 1
473,285,GET,0,0,0,0,4,0,bad,Cluster 1
474,286,POST,2,2,0,0,0,1,bad,Cluster 1
475,287,GET,0,0,1,2,6,1,bad,Cluster 0
476,288,POST,4,0,0,0,4,0,bad,Cluster 1
477,289,POST,4,0,0,0,2,1,bad,Cluster 1
478,290,POST,4,0,0,0,2,0,bad,Cluster 1
479,291,GET,2,2,0,0,0,0,bad,Cluster 1
480,292,GET,3,0,1,0,5,2,bad,Cluster 0
481,293,GET,1,0,1,2,6,1,bad,Cluster 0
482,294,POST,1,1,0,0,2,0,bad,Cluster 1
483,295,GET,4,0,0,0,2,0,bad,Cluster 1
484,296,GET,0,0,0,0,0,0,bad,Cluster 1
485,297,GET,1,0,1,1,3,2,bad,Cluster 0
486,298,POST,4,0,0,0,4,0,bad,Cluster 1
487,299,POST,4,0,0,0,2,1,bad,Cluster 1
488,300,POST,0,4,0,0,2,0,bad,Cluster 1
489,301,GET,0,2,0,1,2,1,bad,Cluster 1
490,302,GET,2,1,1,0,5,2,bad,Cluster 0
491,303,GET,0,0,0,0,0,0,bad,Cluster 1
492,304,POST,0,0,0,0,2,0,bad,Cluster 1
493,305,GET,4,0,0,0,2,0,bad,Cluster 1
494,306,GET,1,1,0,0,0,0,bad,Cluster 1
495,307,POST,0,4,0,0,4,0,bad,Cluster 1
496,308,GET,3,0,1,0,5,2,bad,Cluster 0
497,309,POST,0,4,0,0,2,0,bad,Cluster 1
498,310,POST,2,0,0,0,4,1,bad,Cluster 0
499,311,GET,1,0,1,2,6,1,bad,Cluster 0
500,312,GET,0,0,0,0,0,0,bad,Cluster 1
501,313,POST,0,0,0,0,2,0,bad,Cluster 1
502,314,GET,2,0,0,0,4,0,bad,Cluster 1
503,315,GET,0,0,0,0,0,0,bad,Cluster 1
504,316,POST,0,4,0,0,4,0,bad,Cluster 1
505,317,POST,2,0,0,1,2,1,bad,Cluster 0
506,318,GET,2,1,1,0,5,2,bad,Cluster 0
507,319,GET,0,0,0,0,2,0,bad,Cluster 1
508,320,POST,0,4,0,0,2,1,bad,Cluster 1
509,321,GET,0,1,1,2,6,1,bad,Cluster 0
510,322,GET,1,1,0,0,0,0,bad,Cluster 1
511,323,POST,0,0,0,0,2,0,bad,Cluster 1
512,324,GET,0,4,0,0,2,0,bad,Cluster 1
513,325,GET,0,0,0,0,0,0,bad,Cluster 1
514,326,POST,0,0,0,1,5,1,bad,Cluster 0
515,327,POST,1,0,1,2,6,1,bad,Cluster 0
516,328,POST,0,4,0,0,2,1,bad,Cluster 1
517,329,GET,0,0,0,0,2,0,bad,Cluster 1
518,330,GET,0,0,0,0,0,0,bad,Cluster 1
519,331,GET,2,0,0,1,0,1,bad,Cluster 1
520,332,GET,0,0,0,0,0,0,bad,Cluster 1
521,333,POST,0,0,0,0,2,0,bad,Cluster 1
522,334,GET,0,0,0,0,0,0,bad,Cluster 1
523,335,GET,0,4,0,0,2,0,bad,Cluster 1
524,336,POST,0,0,1,2,8,1,bad,Cluster 0
525,337,POST,0,2,0,1,2,1,bad,Cluster 0
526,338,POST,2,0,0,1,2,2,bad,Cluster 0
527,339,GET,0,0,0,0,4,0,bad,Cluster 1
528,340,GET,0,2,0,1,0,1,bad,Cluster 1
529,341,GET,0,0,0,0,0,0,bad,Cluster 1
530,342,POST,1,1,0,0,2,0,bad,Cluster 1
531,343,GET,0,0,0,0,0,0,bad,Cluster 1
532,344,GET,0,2,0,0,4,0,bad,Cluster 1
533,345,POST,2,0,0,1,4,1,bad,Cluster 0
534,346,POST,1,0,1,2,6,1,bad,Cluster 0
535,347,GET,4,0,0,0,2,0,bad,Cluster 1
536,348,GET,0,0,0,1,3,1,bad,Cluster 0
537,349,POST,1,0,1,2,6,2,bad,Cluster 0
538,350,GET,0,0,0,0,2,0,bad,Cluster 1
539,351,GET,0,0,0,0,0,0,bad,Cluster 1
540,352,POST,2,2,0,0,2,0,bad,Cluster 1
541,353,GET,1,1,0,0,0,0,bad,Cluster 1
542,354,GET,2,0,0,1,2,1,bad,Cluster 0
543,355,POST,0,1,1,2,6,1,bad,Cluster 0
544,356,POST,1,0,1,2,8,1,bad,Cluster 0
545,357,GET,4,0,0,0,2,0,bad,Cluster 1
546,358,GET,0,0,1,2,6,1,bad,Cluster 0
547,359,GET,0,0,0,0,2,0,bad,Cluster 1
548,360,POST,0,2,0,1,2,2,bad,Cluster 0
549,361,GET,0,0,0,0,0,0,bad,Cluster 1
550,362,GET,2,2,0,0,0,0,bad,Cluster 1
551,363,GET,1,0,1,2,6,1,bad,Cluster 0
552,364,POST,0,2,0,1,4,1,bad,Cluster 0
553,365,POST,2,0,0,1,0,1,bad,Cluster 0
554,366,GET,2,0,0,0,4,0,bad,Cluster 1
555,367,GET,1,0,1,1,3,2,bad,Cluster 0
556,368,GET,4,0,0,0,2,0,bad,Cluster 1
557,369,POST,1,0,1,2,6,2,bad,Cluster 0
558,370,GET,1,1,0,0,0,0,bad,Cluster 1
559,371,POST,1,1,0,0,2,0,bad,Cluster 1
560,372,GET,0,2,0,1,2,1,bad,Cluster 1
561,373,GET,0,0,0,0,0,0,bad,Cluster 1
562,374,POST,1,0,1,2,8,1,bad,Cluster 0
563,375,POST,0,2,0,1,0,1,bad,Cluster 1
564,376,GET,0,4,0,0,2,0,bad,Cluster 1
565,377,GET,3,0,1,0,5,2,bad,Cluster 0
566,378,POST,0,1,1,2,6,2,bad,Cluster 0
567,379,GET,4,0,0,0,2,0,bad,Cluster 1
568,380,GET,2,2,0,0,0,0,bad,Cluster 1
569,381,POST,0,0,0,0,2,0,bad,Cluster 1
570,382,GET,1,1,0,0,0,0,bad,Cluster 1
571,383,GET,1,0,1,2,6,1,bad,Cluster 0
572,384,POST,0,0,0,1,3,1,bad,Cluster 0
573,385,POST,0,1,1,2,8,1,bad,Cluster 0
574,386,GET,0,4,0,0,2,0,bad,Cluster 1
575,387,GET,2,1,1,0,5,2,bad,Cluster 0
576,388,POST,2,0,0,1,0,2,bad,Cluster 0
577,389,GET,0,4,0,0,2,0,bad,Cluster 1
578,390,GET,0,0,0,0,0,0,bad,Cluster 1
579,391,POST,0,0,0,0,2,0,bad,Cluster 1
580,392,GET,0,1,1,2,6,1,bad,Cluster 0
581,393,POST,0,0,1,2,6,1,bad,Cluster 0
582,394,POST,2,0,0,1,2,1,bad,Cluster 0
583,395,GET,0,0,0,0,0,0,bad,Cluster 1
584,396,GET,0,2,0,0,4,0,bad,Cluster 1
585,397,GET,0,0,0,0,0,0,bad,Cluster 1
586,398,POST,0,2,0,1,0,2,bad,Cluster 0
587,399,GET,0,4,0,0,2,0,bad,Cluster 1
588,400,POST,0,0,0,0,2,0,bad,Cluster 1
589,401,POST,0,2,0,1,2,1,bad,Cluster 0
590,402,GET,2,0,0,1,0,1,bad,Cluster 1
591,403,POST,1,0,1,1,3,2,bad,Cluster 0
592,404,GET,0,0,0,0,0,0,bad,Cluster 1
593,405,GET,2,0,0,1,2,1,bad,Cluster 0
594,406,GET,0,0,0,0,0,0,bad,Cluster 1
595,407,POST,0,0,0,1,3,2,bad,Cluster 0
596,408,GET,2,0,0,1,2,1,bad,Cluster 0
597,409,GET,0,0,0,0,0,0,bad,Cluster 1
598,410,POST,0,0,1,1,5,2,bad,Cluster 0
599,411,GET,0,2,0,1,0,1,bad,Cluster 1
600,412,POST,0,0,0,0,2,0,bad,Cluster 1
601,413,POST,3,0,1,0,5,2,bad,Cluster 0
602,414,GET,0,0,0,0,0,0,bad,Cluster 1
603,415,GET,1,0,1,2,6,1,bad,Cluster 0
604,416,GET,0,0,0,0,0,0,bad,Cluster 1
605,417,POST,0,0,1,2,6,2,bad,Cluster 0
606,418,GET,1,0,1,2,6,1,bad,Cluster 0
607,419,GET,0,0,0,0,0,0,bad,Cluster 1
608,420,POST,1,0,1,1,5,2,bad,Cluster 0
609,421,POST,1,1,0,0,2,0,bad,Cluster 1
610,422,GET,0,0,0,1,3,1,bad,Cluster 0
611,423,POST,2,1,1,0,5,2,bad,Cluster 0
